"Rank","Name","Symbol","marketcap","price (GBP)","country"
"1","NVIDIA","NVDA","2798052971538","114.252882","United States"
"2","Apple","AAPL","2683799695576.3","178.469058","United States"
"3","Microsoft","MSFT","2644857895727.9","355.736466","United States"
"4","Amazon","AMZN","1978274680825.4","188.138335","United States"
"5","Alphabet (Google)","GOOG","1971183070661.8","161.74209","United States"
"6","Meta Platforms (Facebook)","META","1309463643173.7","518.704239","United States"
"7","Tesla","TSLA","1045552591339.5","325.711238","United States"
"8","TSMC","TSM","921899241098.44","177.748068","Taiwan"
"9","Broadcom","AVGO","918859229587.05","196.02917","United States"
"10","Oracle","ORCL","411382375658.29","147.08196","United States"
"11","Tencent","TCEHY","367617712839.07","40.415495","China"
"12","Netflix","NFLX","334762603626.5","783.147349","United States"
"13","SAP","SAP","258188349865.98","221.335919","Germany"
"14","Salesforce","CRM","255970003527.27","267.471268","United States"
"15","ASML","ASML","240607376965.63","586.605475","Netherlands"
"16","Samsung","005930.KS","199734385075.98","30.09003699","South Korea"
"17","Cisco","CSCO","198550344956.31","49.852453","United States"
"18","ServiceNow","NOW","185937294984.81","901.221478","United States"
"19","Alibaba","BABA","169686707752.14","71.410054","China"
"20","IBM","IBM","166516809039.87","180.08728","United States"
"21","AMD","AMD","159696064090.93","98.407124","United States"
"22","QUALCOMM","QCOM","153181714333.7","137.877321","United States"
"23","Adobe","ADBE","151825209473.43","348.782918","United States"
"24","Palantir","PLTR","144132332871.68","63.270878","United States"
"25","Arm Holdings","ARM","136834709217.28","130.194772","United Kingdom"
"26","Texas Instruments","TXN","135573769101.31","148.620072","United States"
"27","Intuit","INTU","134085211378.48","479.017745","United States"
"28","Arista Networks","ANET","130357556340.33","103.478087","United States"
"29","Schneider Electric","SU.PA","127680733317.79","227.6061287","France"
"30","Booking Holdings (Booking.com)","BKNG","126335187558.4","3817.153379","United States"
"31","Pinduoduo","PDD","123870612047.46","89.194474","China"
"32","Applied Materials","AMAT","121584473935.05","149.605425","United States"
"33","Uber","UBER","115652779050.6","54.923416","United States"
"34","Shopify","SHOP","111408817138.89","86.262448","Canada"
"35","Sony","SONY","100541658000.59","16.686913","Japan"
"36","Palo Alto Networks","PANW","98670473794.355","150.36647","United States"
"37","AppLovin","APP","97616807190.528","290.87941","United States"
"38","Automatic Data Processing","ADP","96977543233.536","238.00681","United States"
"39","Fiserv","FI","95181126856.704","167.301724","United States"
"40","Xiaomi","XIACF","94313136211.558","3.781192","China"
"41","Meituan","3690.HK","93289964503.838","15.42990699","China"
"42","Micron Technology","MU","92103432831.795","82.665509","United States"
"43","Analog Devices","ADI","86422725012.685","174.135107","United States"
"44","Marvell Technology Group","MRVL","85969642335.437","99.352422","United States"
"45","Keyence","6861.T","85403246846.21","352.1419303","Japan"
"46","SK Hynix","000660.KS","85326500169.229","123.834038","South Korea"
"47","Spotify","SPOT","82631209204.941","408.905473","Sweden"
"48","Lam Research","LRCX","82131545113.395","63.831648","United States"
"49","KLA","KLAC","80347066126.336","600.680802","United States"
"50","MercadoLibre","MELI","74869300495.974","1476.787795","Argentina"
"51","CrowdStrike","CRWD","73979121662.362","300.348412","United States"
"52","Equinix","EQIX","72724593217.536","753.714935","United States"
"53","Intel","INTC","71970654192.435","16.686913","United States"
"54","PayPal","PYPL","71567342358.528","71.386021","United States"
"55","Cadence Design Systems","CDNS","70413333429.453","256.736528","United States"
"56","MicroStrategy","MSTR","69836506155.418","283.325037","United States"
"57","Synopsys","SNPS","67636036369.613","437.552809","United States"
"58","Tokyo Electron","8035.T","63982387705.694","139.4130297","Japan"
"59","Airbnb","ABNB","63609159073.792","101.811799","United States"
"60","Dell","DELL","63567283051.725","91.109103","United States"
"61","Foxconn (Hon Hai Precision Industry)","2317.TW","61088037211.182","4.407027342","Taiwan"
"62","DoorDash","DASH","61004084619.674","146.857652","United States"
"63","Coinbase","COIN","59765503320.064","238.7278","United States"
"64","Fortinet","FTNT","59497131897.651","77.62659","United States"
"65","Nintendo","7974.T","59357978879.376","50.81241113","Japan"
"66","MediaTek","2454.TW","57170161653.353","35.86829118","Taiwan"
"67","Atlassian","TEAM","55248070837.043","212.139291","Australia"
"68","Workday","WDAY","55037555394.97","206.908108","United States"
"69","Constellation Software","CSU.TO","54847485880.244","2588.185869","Canada"
"70","Sea (Garena)","SE","54195621597.594","94.361569","Singapore"
"71","NetEase","NTES","53854172218.163","82.657498","China"
"72","Jingdong Mall","JD","52728251265.024","32.620792","China"
"73","Autodesk","ADSK","51936567381.606","240.994913","United States"
"74","The Trade Desk","TTD","47432440592.794","96.099956","United States"
"75","Snowflake","SNOW","46040789668.25","139.487532","United States"
"76","Roper Technologies","ROP","45645293904.282","425.680507","United States"
"77","SMIC","0981.HK","45259548101.702","4.248369487","China"
"78","Delta Electronics (Thailand)","DELTA.BK","43809599587.24","3.512126543","Thailand"
"79","NXP Semiconductors","NXPI","43455278358.118","170.978773","Netherlands"
"80","Block","SQ","43178510074.675","69.663656","United States"
"81","Dassault Systèmes","DSY.PA","40503039894.543","30.96419731","France"
"82","Adyen","ADYEN.AS","40256914417.504","1278.595655","Netherlands"
"83","Datadog","DDOG","38370724703.027","112.947089","United States"
"84","Advantest","6857.T","37975770155.81","51.63449995","Japan"
"85","Trip.com","TCOM","37305074771.149","57.294672","China"
"86","Infineon","IFX.DE","37168336436.505","28.60952408","Germany"
"87","TE Connectivity","TEL","36987418138.624","123.922159","Switzerland"
"88","Robinhood","HOOD","36200790747.136","40.952232","United States"
"89","FICO","FICO","35398836377.19","1453.876335","United States"
"90","Cloudflare","NET","34399580382.822","100.233632","United States"
"91","Wolters Kluwer","WKL.AS","34358207857.713","142.4171547","Netherlands"
"92","Fidelity National Information Services","FIS","34169948054.323","63.471153","United States"
"93","Garmin","GRMN","32955261222.093","171.619653","Switzerland"
"94","Coupang","CPNG","32510467122.79","18.072816","United States"
"95","HubSpot","HUBS","30049438703.206","582.087271","United States"
"96","IQVIA","IQV","29709511849.574","163.688763","United States"
"97","Veeva Systems","VEEV","29055088260.71","178.96574","United States"
"98","Delta Electronics","2308.TW","27823625404.32","10.7115081","Taiwan"
"99","Monolithic Power Systems","MPWR","26511454613.299","543.490273","United States"
"100","Disco Corp.","6146.T","26408027609.242","243.6842057","Japan"
"101","Take 2 Interactive","TTWO","26097478536.192","148.596039","United States"
"102","ASM International","ASM.AS","25849781747.967","512.1456333","Netherlands"
"103","Hewlett Packard Enterprise","HPE","25678934881.69","19.522807","United States"
"104","Reddit","RDDT","25655568704.512","146.12064","United States"
"105","Quanta Computer","2382.TW","25433288214.11","6.598300205","Taiwan"
"106","Ansys","ANSS","25035982737.203","286.289107","United States"
"107","Amadeus IT Group","AMS.MC","24888625472.779","57.18540196","Spain"
"108","eBay","EBAY","24869339991.654","51.919291","United States"
"109","HP","HPQ","24589065633.178","26.220003","United States"
"110","Electronic Arts","EA","24490058799.309","93.376216","United States"
"111","CoStar Group","CSGP","24355551520.154","59.409576","United States"
"112","Murata Manufacturing (Murata Seisakusho)","6981.T","24308544173.003","13.05248252","Japan"
"113","Microchip Technology","MCHP","24258903945.011","45.174029","United States"
"114","Baidu","BIDU","24094033104.486","69.21504","China"
"115","Canon","7751.T","24022070134.471","25.44734205","Japan"
"116","Keysight","KEYS","23983449824.461","138.494168","United States"
"117","Zscaler","ZS","23781331243.418","154.988817","United States"
"118","GoDaddy","GDDY","23314458879.386","166.06803","United States"
"119","Global Payments","GPN","22232673127.219","87.359955","United States"
"120","Samsara","IOT","21665053196.698","38.605009","United States"
"121","NetApp","NTAP","20521423037.235","100.9386","United States"
"122","WiseTech Global","WTC.AX","20344882180.471","60.82720256","Australia"
"123","Tyler Technologies","TYL","20294886620.57","474.195123","United States"
"124","Ericsson","ERIC","20070535553.434","6.104382","Sweden"
"125","Renesas Electronics","6723.T","19742002374.993","11.02049237","Japan"
"126","Zoom","ZM","19684391510.426","64.224187","United States"
"127","Nokia","NOK","19441814431.334","3.612961","Finland"
"128","ASE Group","ASX","18896628787.2","8.699946","Taiwan"
"129","Pure Storage","PSTG","18856291697.459","57.799365","United States"
"130","DiDi","DIDIY","18619616046.49","3.84528","China"
"131","ON Semiconductor","ON","18590274611.814","43.65995","United States"
"132","GlobalFoundries","GFS","18448637055.59","33.381837","United States"
"133","Seagate Technology","STX","18333519011.226","86.671009","Ireland"
"134","Panasonic","6752.T","18291785298.966","7.835086451","Japan"
"135","STMicroelectronics","STM","18227828157.85","20.315896","Switzerland"
"136","PTC","PTC","18218993242.522","151.375856","United States"
"137","Zomato","ZOMATO.NS","18175734931.216","2.005049157","India"
"138","Kuaishou Technology","1024.HK","17946743641.335","4.171215546","China"
"139","Toast","TOST","17896125896.704","31.507263","United States"
"140","NEC Corp","6701.T","17645220685.355","66.20002004","Japan"
"141","Expedia Group","EXPE","17605521988.198","137.172353","United States"
"142","Naver","035420.KS","17346981882.084","114.3081579","South Korea"
"143","Check Point Software","CHKP","17135123861.299","155.797928","Israel"
"144","Zebra Technologies","ZBRA","17131990214.451","332.144071","United States"
"145","MongoDB","MDB","16810108900.966","209.776046","United States"
"146","Twilio","TWLO","16739386921.37","109.133853","United States"
"147","SS&C Technologies","SSNC","15869668668.826","64.071978","United States"
"148","Supermicro","SMCI","15606827887.002","26.652597","United States"
"149","SoFi","SOFI","15578100056.474","14.355712","United States"
"150","Leidos","LDOS","15562577840.333","116.632149","United States"
"151","Trimble","TRMB","15244304322.355","62.021162","United States"
"152","Zillow","Z","15105990728.704","64.088","United States"
"153","DocuSign","DOCU","14824602366.976","73.38076","United States"
"154","Symbotic","SYM","14770337775.616","25.138518","United States"
"155","Grab Holdings","GRAB","14742956921.037","3.661027","Singapore"
"156","Kaspi.kz Joint Stock Company","KKS.F","14724121739.824","76.10698341","Kazakhstan"
"157","Astera Labs","ALAB","14682162531.533","92.567105","United States"
"158","Snap","SNAP","14631945430.63","8.723979","United States"
"159","Pro Medicus","PME.AX","14381826670.367","137.6265767","Australia"
"160","FactSet","FDS","14231199577.702","374.209832","United States"
"161","CyberArk","CYBR","14204443811.84","288.171692","Israel"
"162","Manhattan Associates","MANH","14158617097.83","231.822318","United States"
"163","Align Technology","ALGN","13952413291.315","186.89663","United States"
"164","Nutanix","NTNX","13884875818.803","51.823159","United States"
"165","Guidewire Software","GWRE","13780230061.261","164.994556","United States"
"166","Gen Digital","GEN","13547532173.005","21.982184","United States"
"167","Xero","XRO.AX","13364165828.883","87.327911","New Zealand"
"168","Dynatrace","DT","13304388248.371","44.573204","United States"
"169","Sage Group","SGE.L","13197761891.244","13.29954176","United Kingdom"
"170","AspenTech","AZPN","12928787860.582","204.408676","United States"
"171","F5 Networks","FFIV","12818626228.326","218.692289","United States"
"172","Chewy","CHWY","12809995574.272","31.459197","United States"
"173","AMEC","688012.SS","12758632100.872","20.50030922","China"
"174","Entegris","ENTG","12603291368.653","83.466609","United States"
"175","Coherent","COHR","12431020363.674","80.374363","United States"
"176","Bandai Namco","7832.T","12225597660.1","18.68605805","Japan"
"177","Okta","OKTA","12198034540.851","71.185746","United States"
"178","Lenovo","0992.HK","12083929700.529","0.9741376","Hong Kong"
"179","United Microelectronics","UMC","12045929619.763","4.558259","Taiwan"
"180","Akamai","AKAM","11757887590.605","78.26747","United States"
"181","Skyworks Solutions","SWKS","11683878563.123","73.06032","United States"
"182","EPAM Systems","EPAM","11470295920.64","202.221673","United States"
"183","Bentley Systems","BSY","11162306014.413","36.93071","United States"
"184","Logitech","LOGI","11072054524.211","73.044298","Switzerland"
"185","ASUS","2357.TW","11038513874.744","14.86144643","Taiwan"
"186","Nemetschek","NEM.F","10898105115.396","94.3559613","Germany"
"187","Credo Technology","CRDO","10780982209.331","64.464517","United States"
"188","Mobileye","MBLY","10746544086.733","13.250194","Israel"
"189","Futu Holdings","FUTU","10730801202.79","77.802832","Hong Kong"
"190","Rubrik","RBRK","10534842452.685","56.870089","United States"
"191","Juniper Networks","JNPR","10352136895.898","31.266933","United States"
"192","Rakuten","4755.T","10288046629.586","4.781709823","Japan"
"193","JD Health","6618.HK","10249102720.037","3.204279835","China"
"194","Wiwynn","6669.TW","10192083069.673","54.84306567","Taiwan"
"195","Jack Henry &amp; Associates","JKHY","10162885134.438","139.295268","United States"
"196","Wix.com","WIX","10157693288.653","188.266511","Israel"
"197","monday.com","MNDY","9910779964.2112","198.776943","Israel"
"198","MakeMyTrip","MMYT","9592309567.8976","87.375977","India"
"199","Paycom","PAYC","9585052960.5632","166.22825","United States"
"200","Konami Holdings","9766.T","9572831926.1145","70.61848709","Japan"
"201","BE Semiconductor","BESI.AS","9535897412.4917","114.2865282","Netherlands"
"202","Oracle Corp Japan","4716.T","9528321120.5946","74.29201125","Japan"
"203","Aurora Innovation","AUR","9471188374.9376","5.511568","United States"
"204","Instacart (Maplebear Inc.)","CART","9464677444.3008","36.842589","United States"
"205","Roku","ROKU","9455565258.6496","65.121419","United States"
"206","Klaviyo","KVYO","9432884874.3424","34.984037","United States"
"207","Procore","PCOR","9288198164.8896","62.477789","United States"
"208","Paylocity","PCTY","9222033918.7712","165.42715","United States"
"209","Dayforce","DAY","8972202693.3248","56.894122","United States"
"210","Nexon","3659.T","8820287056.1448","10.70710205","Japan"
"211","Kakao","035720.KS","8792017034.2393","20.03198616","South Korea"
"212","Krafton","259960.KS","8737778749.4011","192.1951054","South Korea"
"213","Elastic NV","ESTC","8663924852.5312","83.602796","United States"
"214","MACOM","MTSI","8585693605.0688","115.494587","United States"
"215","Doximity","DOCS","8459054896.7424","45.310216","United States"
"216","Onto Innovation","ONTO","8451194529.1776","171.106949","United States"
"217","GitLab","GTLB","8423900629.1968","51.903269","United States"
"218","NICE","NICE","8165068782.4896","129.682068","Israel"
"219","Descartes Systems","DSGX","8163456020.7872","95.435043","Canada"
"220","LG Electronics","066570.KS","8155865268.234","47.68451618","South Korea"
"221","Advantech","2395.TW","8011996531.5494","9.27922141","Taiwan"
"222","Nebius Group","NBIS","7863659534.6432","33.397859","Netherlands"
"223","Novatek Microelectronics","3034.TW","7806814653.8569","12.82937617","Taiwan"
"224","Amdocs","DOX","7707546498.7648","68.317808","United States"
"225","Dropbox","DBX","7602508625.2032","25.218628","United States"
"226","Global-e","GLBE","7595874645.6064","45.486458","Israel"
"227","Carsales","CAR.AX","7584118680.9506","20.08013227","Australia"
"228","Altair Engineering","ALTR","7563132137.6768","88.425418","United States"
"229","Confluent","CFLT","7551630341.2224","23.023614","United States"
"230","Pegasystems","PEGA","7426872641.3312","86.606921","United States"
"231","ZOZO","3092.T","7384555840.4253","24.86678488","Japan"
"232","Zalando","ZAL.DE","7338748823.0614","28.17220359","Germany"
"233","PB Fintech","POLICYBZR.NS","7207034242.5942","15.76052096","India"
"234","Unity Software","U","7203001465.1392","17.880552","United States"
"235","Vertex","VERX","7176527891.5584","46.015184","United States"
"236","Lasertec","6920.T","7140404003.8157","79.17287322","Japan"
"237","IonQ","IONQ","7065812538.9824","32.652836","United States"
"238","ServiceTitan","TTAN","7056825863.2704","78.459734","United States"
"239","Globant","GLOB","7053005603.2256","163.480477","Luxembourg"
"240","Enphase Energy","ENPH","6857720341.0944","50.757696","United States"
"241","Match Group","MTCH","6851135581.0816","27.285466","United States"
"242","Realtek","2379.TW","6805720437.0036","13.27006128","Taiwan"
"243","Qorvo","QRVO","6735012226.7136","71.249834","United States"
"244","Genpact","G","6549870300.5184","37.138996","Bermuda"
"245","Tempus AI","TEM","6483081786.0096","41.17654","United States"
"246","Delivery Hero","DHER.F","6452257234.8494","21.95751012","Germany"
"247","Monotaro","3064.T","6385024724.2843","12.84956389","Japan"
"248","Smartsheet","SMAR","6333427179.8784","45.238117","United States"
"249","Lattice Semiconductor","LSCC","6328866165.0944","45.870986","United States"
"250","eMemory Technology","3529.TWO","6178677798.0497","82.7544311","Taiwan"
"251","Alchip Technologies","3661.TW","6168754054.8391","76.63330611","Taiwan"
"252","OpenText","OTEX","6142818188.3904","23.103724","Canada"
"253","Lite-On Technology","2301.TW","6138679967.7501","2.66870443","Taiwan"
"254","UiPath","PATH","6128749590.6304","11.151312","United States"
"255","Informatica","INFA","6057085876.3264","19.835236","United States"
"256","Vipshop","VIPS","6049150038.7328","11.784181","China"
"257","Topicus","TOI.V","6032595855.9863","72.62155753","Canada"
"258","CCC Intelligent Solutions","CCCS","5972318268.1088","9.100496","United States"
"259","SentinelOne","S","5962011277.056","18.553476","United States"
"260","Trend Micro","4704.T","5949939129.4456","45.33048383","Japan"
"261","Lumine Group","LMN.V","5898488606.9172","22.11604781","Canada"
"262","Nova Measuring Instruments","NVMI","5872628102.3488","202.181618","Israel"
"263","SPS Commerce","SPSC","5765152218.7264","153.458716","United States"
"264","Allegro.eu","ALE.WA","5753855608.015","5.44475626","Poland"
"265","OneStream","OS","5705683886.848","24.329407","United States"
"266","Alibaba Health Information Technology","0241.HK","5661123910.6112","0.3518014628","Hong Kong"
"267","Clearwater Analytics","CWAN","5626175801.344","22.631075","United States"
"268","HashiCorp","HCP","5609550656.3584","27.437675","United States"
"269","Bilibili","BILI","5607112236.1344","13.530579","China"
"270","Commvault","CVLT","5600420423.5264","128.079868","United States"
"271","Marathon Digital Holdings","MARA","5434859688.4992","16.013989","United States"
"272","Schibsted","SCHA.OL","5418784156.5939","24.1924189","Norway"
"273","Hims &amp; Hers Health","HIMS","5402976472.4736","24.729957","United States"
"274","Waystar","WAY","5383358366.6176","31.282955","United States"
"275","Lumentum","LITE","5264152225.6384","76.625215","United States"
"276","Unimicron","3037.TW","5185907185.6373","3.403208987","Taiwan"
"277","NEXTDC","NXT.AX","5158561206.9466","8.04416554","Australia"
"278","360 DigiTech","QFIN","5149639992.32","31.987923","China"
"279","Amkor Technology","AMKR","5075730224.3328","20.580259","United States"
"280","Semtech","SMTC","5041148134.4512","58.496322","United States"
"281","M3, Inc","2413.T","5039439388.1512","7.421494543","Japan"
"282","Temenos","TEMN.SW","4970047842.5893","68.10495573","Switzerland"
"283","Upstart","UPST","4928701072.8448","54.026184","United States"
"284","Technology One","TNE.AX","4909088605.1306","14.99555057","Australia"
"285","GoTo","GOTO.JK","4897986785.8897","0.004112014256","Indonesia"
"286","Wayfair","W","4874082510.6432","38.893405","United States"
"287","Tower Semiconductor","TSEM","4870665441.024","43.852214","Israel"
"288","Kingsoft","3888.HK","4831339709.5914","3.641456127","China"
"289","Lumen","LUMN","4812748756.5312","4.742512","United States"
"290","Paytm","PAYTM.NS","4787334761.8709","7.509182949","India"
"291","AST SpaceMobile","ASTS","4723371734.272","16.302385","United States"
"292","Etsy","ETSY","4706828621.9264","41.841453","United States"
"293","SoundHound AI","SOUN","4691914677.8112","12.689424","United States"
"294","SiTime","SITM","4634095201.9968","198.360371","United States"
"295","Lyft","LYFT","4585876416.2048","11.05518","United States"
"296","Q2","QTWO","4555174880.3584","75.415554","United States"
"297","QXO, Inc.","QXO","4503362654.7712","10.999103","United States"
"298","Entain","ENT.L","4501086608.7051","6.739750432","Isle of Man"
"299","Nykaa","NYKAA.NS","4458975491.8264","1.556521278","India"
"300","Freshworks","FRSH","4439879235.328","14.66013","United States"
"301","ACI Worldwide","ACIW","4385346807.3984","41.809409","United States"
"302","Global Unichip Corp.","3443.TW","4330996332.5107","32.31821653","Taiwan"
"303","Cirrus Logic","CRUS","4317061607.3728","81.239551","United States"
"304","Workiva","WK","4304251800.4736","77.7067","United States"
"305","Intapp","INTA","4289951870.6688","55.43612","United States"
"306","Vanguard International Semiconductor","5347.TWO","4263835068.5752","2.318583675","Taiwan"
"307","Qualys","QLYS","4195812443.4944","114.669454","United States"
"308","Tenable","TENB","4175860054.6304","34.759729","United States"
"309","CD Projekt","CDR.WA","4131279307.4728","41.34981793","Poland"
"310","Yonyou","600588.SS","4118885579.8971","1.205407159","China"
"311","Jubilant FoodWorks","JUBLFOOD.NS","4103051746.2706","6.240208505","India"
"312","Cellebrite","CLBT","4079024624.7424","18.98607","Israel"
"313","GlobalWafers","6488.TWO","4003418549.936","8.37333753","Taiwan"
"314","Varonis","VRNS","3992354269.44","35.496741","United States"
"315","Nuvei","NVEI","3876811706.1632","27.229389","Canada"
"316","Braze","BRZE","3787784553.1136","36.602259","United States"
"317","Riot Blockchain","RIOT","3730539715.9424","10.846894","United States"
"318","Silergy","6415.TW","3712509958.2663","9.6220121","China"
"319","Tata Elxsi","TATAELXSI.NS","3691254878.2615","59.26529789","India"
"320","Pony AI","PONY","3687309745.152","10.566509","China"
"321","Remitly","RELY","3652506577.3056","18.441322","United States"
"322","Box","BOX","3632075938.1504","25.274705","United States"
"323","Sanmina","SANM","3629349583.36","67.300411","United States"
"324","Asana","ASAN","3600469582.2848","15.741615","United States"
"325","InterDigital","IDCC","3590962819.6352","141.690557","United States"
"326","Allegro MicroSystems","ALGM","3588936203.264","19.506785","United States"
"327","Core Scientific","CORZ","3574878679.9104","12.801578","United States"
"328","Technoprobe","TPRO.MI","3564913689.663","5.441023134","Italy"
"329","Zeta Global","ZETA","3532377979.2896","14.876427","United States"
"330","Silicon Labs","SLAB","3522979499.7248","108.573083","United States"
"331","Espressif Systems (Shanghai)","688018.SS","3407231817.1963","30.36745792","China"
"332","C3 AI","AI","3392356260.992","26.284091","United States"
"333","Hisense Visual Technology","600060.SS","3375507018.6957","2.586655768","China"
"334","WeRide","WRD","3368811867.904","12.272852","China"
"335","KPIT Technologies","KPITTECH.NS","3342362355.3617","12.30281314","India"
"336","Fortnox AB","FNOX.ST","3226885271.5956","5.291994501","Sweden"
"337","Paycor","PYCR","3207283447.296","17.800442","United States"
"338","Bitdeer Technologies Group","BTDR","3186014639.6416","16.550726","Singapore"
"339","ASMPT
 (ASM Pacific Technology)","0522.HK","3165807249.4322","7.60179812","Hong Kong"
"340","Clarivate","CLVT","3130075351.936","4.40605","United Kingdom"
"341","Sega Sammy Holdings","6460.T","3124538719.1192","14.62976831","Japan"
"342","Jfrog","FROG","3111078438.2464","27.886291","United States"
"343","Blackbaud","BLKB","3098440079.5648","61.091886","United States"
"344","Rumble","RUM","3096302103.8848","10.902971","United States"
"345","Compass","COMP","3089443559.936","5.599689","United States"
"346","Impinj","PI","3086790829.44","109.117831","United States"
"347","Alight","ALIT","3073966871.9104","5.551623","United States"
"348","Softcat","SCT.L","3047351097.4719","15.28939405","United Kingdom"
"349","Rohm","6963.T","3034116738.8156","7.860769717","Japan"
"350","BlackLine","BL","3026454182.0672","48.434506","United States"
"351","nCino","NCNO","3021276897.0752","26.091827","United States"
"352","Nikon","NINOY","2971045235.3792","8.611825","Japan"
"353","DigitalOcean","DOCN","2970401074.0736","32.188198","United States"
"354","Rigetti Computing","RGTI","2961383636.1216","10.57452","United States"
"355","Sopra Steria Group","SOP.PA","2941526551.7213","143.6364289","France"
"356","ZoomInfo","ZI","2920405461.2992","7.994978","United States"
"357","Payoneer","PAYO","2911106241.2288","8.163209","United States"
"358","CyberAgent","4751.T","2903410989.1861","5.733737063","Japan"
"359","Life360","LIF","2837045123.0208","37.996173","United States"
"360","Alkami Technology","ALKT","2833081510.9376","28.190709","United States"
"361","IONOS Group","IOS.DE","2822072224.3544","20.22513137","Germany"
"362","Power Integrations","POWI","2821173447.8336","49.612123","United States"
"363","Envestnet","ENV","2799476019.6352","50.581454","United States"
"364","Instructure Holdings","INST","2780858711.9872","18.90596","United States"
"365","Kinaxis","KXS.TO","2767288923.1477","98.5024549","Canada"
"366","dLocal","DLO","2759730180.1472","9.677288","Uruguay"
"367","Acer","2353.TW","2738014172.0365","0.910786612","Taiwan"
"368","AvePoint","AVPT","2709879970.2272","14.451844","United States"
"369","CLEAR Secure","YOU","2701474905.9328","19.378609","United States"
"370","DoubleVerify","DV","2689014968.2432","16.038022","United States"
"371","Autohome","ATHM","2683629115.264","22.158426","China"
"372","Synaptics","SYNA","2675087876.7872","66.779696","United States"
"373","Ambarella","AMBA","2669925152.5888","64.023912","United States"
"374","Hemnet Group AB","HEM.ST","2663193680.7242","27.88196506","Sweden"
"375","Ocado","OCDO.L","2618813161.3017","3.030889751","United Kingdom"
"376","CleanSpark","CLSK","2593716009.7024","9.236683","United States"
"377","FormFactor","FORM","2585443223.04","33.381837","United States"
"378","Northern Data AG","NB2.DE","2577789597.7555","39.52523257","Germany"
"379","Soitec","SOI.PA","2564865323.2795","71.22948606","France"
"380","Grindr","GRND","2558028324.9152","14.483888","United States"
"381","VisEra Technologies","6789.TW","2540211621.3863","8.01837012","Taiwan"
"382","Presight AI","PRESIGHT.AE","2532261984.8452","0.448616","United Arab Emirates"
"383","RingCentral","RNG","2498041751.8336","27.758115","United States"
"384","Teradata","TDC","2449455459.8144","25.595145","United States"
"385","LifeStance Health Group","LFST","2443067167.9744","6.384767","United States"
"386","Five9","FIVN","2394313119.2064","31.835714","United States"
"387","Socionext","6526.T","2391334200.0168","13.47890805","Japan"
"388","TOTVS","TOTS3.SA","2377500878.1169","4.057940006","Brazil"
"389","IREN (Iris Energy)","IREN","2288011737.9072","10.670652","Australia"
"390","Nanya Technology","2408.TW","2283169472.1341","0.7369535197","Taiwan"
"391","VusionGroup","VU.PA","2266919821.1438","140.945534","France"
"392","Playtech","PTEC.L","2207381529.2024","7.209731769","Isle of Man"
"393","United Internet","UTDI.F","2199134388.9554","12.72371108","Germany"
"394","Perfect World Entertainment","002624.SZ","2186137469.1292","1.126891348","China"
"395","momo.com Inc.","8454.TW","2177949877.8496","8.63041052","Taiwan"
"396","PAR Technology","PAR","2174689182.9504","57.51898","United States"
"397","Nan Ya PCB","8046.TW","2151574881.226","3.329756128","Taiwan"
"398","Playtika","PLTK","2125892272.128","5.703832","Israel"
"399","Melexis NV","MELE.BR","2120389168.5506","51.84526936","Belgium"
"400","Zip Co","ZIP.AX","2107087809.0947","1.61389606","Australia"
"401","Calix","CALX","2076154241.8432","31.306988","United States"
"402","Agilysys","AGYS","2066356878.5664","73.893464","United States"
"403","Just Eat Takeaway","TKWY.AS","2048092845.6041","9.94437474","Netherlands"
"404","Yelp","YELP","2045790475.392","31.08268","United States"
"405","Powerchip Semiconductor Manufacturing","6770.TW","2032657241.1909","0.4884458909","Taiwan"
"406","ODDITY Tech","ODD","2027605889.92","35.496741","Israel"
"407","Lufax","LU","2006537857.152","2.315179","China"
"408","JOYY","YY","2000002726.8864","37.155018","China"
"409","Appian","APPN","1984086138.8288","26.852872","United States"
"410","SolarWinds","SWI","1981355887.488","11.61595","United States"
"411","BlackBerry","BB","1976234384.6912","3.340587","Canada"
"412","Rapid7","RPD","1969694127.3856","31.16279","United States"
"413","Deliveroo","ROO.L","1961704201.1222","1.307947959","United Kingdom"
"414","Hut 8 Mining","HUT","1954198161.6896","20.860644","Canada"
"415","TeraWulf","WULF","1952288031.6672","5.0589465","United States"
"416","Kakao Pay","377300.KS","1949867572.1052","14.4846891","South Korea"
"417","Kulicke and Soffa Industries","KLIC","1948506942.208","36.169665","Singapore"
"418","Weibo","WB","1943885223.2704","7.842769","China"
"419","Semrush","SEMR","1929727209.9328","13.154062","United States"
"420","NCsoft","036570.KS","1916854969.3051","96.4900917","South Korea"
"421","Flywire","FLYW","1910682717.312","15.357087","United States"
"422","NCR Atleos Corporation","NATL","1888433004.3648","26.051772","United States"
"423","KFin Technologies","KFINTECH.NS","1863369444.4907","10.83343552","India"
"424","Axcelis Technologies","ACLS","1844197928.6528","56.733902","United States"
"425","Progress Software","PRGS","1841403691.8528","42.4583","United States"
"426","VIZIO","VZIO","1841273670.1184","9.092485","United States"
"427","Lemonade","LMND","1836760849.5104","25.723321","United States"
"428","Vishay Intertechnology","VSH","1834702240.4096","13.506546","United States"
"429","Comet Holding","COTN.SW","1808367062.4615","232.6186114","Switzerland"
"430","Himax","HIMX","1801473689.088","10.294135","Taiwan"
"431","TietoEVRY","TIETO.HE","1793214371.3199","15.12052217","Finland"
"432","Revolve","RVLV","1786175832.2176","25.242661","United States"
"433","Lightspeed POS","LSPD","1784214636.8768","11.744126","Canada"
"434","Sprinklr","CXM","1779053758.4128","6.993603","United States"
"435","Sino-American Silicon Products","5483.TWO","1766856653.6222","2.876814188","Taiwan"
"436","LiveRamp","RAMP","1754625258.5472","26.884916","United States"
"437","ePlus","PLUS","1746093453.824","65.145452","United States"
"438","AvidXchange","AVDX","1732122679.9872","8.419561","United States"
"439","iQIYI","IQ","1714392862.9632","1.786453","China"
"440","Certara","CERT","1710108913.4208","10.622586","United States"
"441","HelloFresh","HFG.DE","1689280131.5711","9.58692392","Germany"
"442","Criteo","CRTO","1669235842.9184","30.249536","France"
"443","Qt Group","QTCOM.HE","1666603609.367","65.63708707","Finland"
"444","Truecaller","TRUE-B.ST","1656933384.6657","4.83023245","Sweden"
"445","Cipher Mining","CIFR","1643901702.7072","4.72649","United States"
"446","Ibotta","IBTA","1643531632.96","59.786093","United States"
"447","Planisware","PLNW.PA","1642827620.6723","22.77743597","France"
"448","Vitec Software Group","VIT-B.ST","1637811799.7886","41.15587162","Sweden"
"449","Nordic Semiconductor","NOD.OL","1624343355.7068","8.44583708","Norway"
"450","Omnicell","OMCL","1618864520.6528","34.951993","United States"
"451","Genius Sports","GENI","1616420563.2256","7.065702","United Kingdom"
"452","Paradox Interactive","PDX.ST","1611839150.8334","15.26031412","Sweden"
"453","Trainline","TRN.L","1607322720.4688","3.695858828","United Kingdom"
"454","Applied Blockchain","APLD","1599965738.5088","7.177856","United States"
"455","Phoenix Group","PHX.AE","1583178152.0729","0.264363","United Arab Emirates"
"456","Hesai Group","HSAI","1582900693.4912","12.41705","China"
"457","DeNA","2432.T","1579309825.227","14.18275451","Japan"
"458","Rorze Corporation","6323.T","1570236380.7718","8.90374584","Japan"
"459","MaxLinear","MXL","1565880458.8032","18.561487","United States"
"460","Yubico","YUBICO.ST","1549557660.9741","17.99422809","Sweden"
"461","Donnelley Financial Solutions","DFIN","1547539293.5296","53.625634","United States"
"462","LendingClub","LC","1534371003.9936","13.650744","United States"
"463","Endava","DAVA","1533651270.1184","25.79542","United Kingdom"
"464","Sprout Social","SPT","1530294802.112","26.660608","United States"
"465","EverCommerce","EVCM","1518396685.4656","8.275363","United States"
"466","Jamf","JAMF","1517734989.6832","11.816225","United States"
"467","Marqeta","MQ","1517303703.0784","3.020147","United States"
"468","Mercari","4385.T","1511603191.6379","9.20431856","Japan"
"469","Atoss","AOF.F","1506203683.9092","94.6924233","Germany"
"470","Rasan Information Technology Company","8313.SR","1500703176.6969","19.79822518","Saudi Arabia"
"471","TeamViewer","TMV.DE","1495218277.3159","9.35572646","Germany"
"472","NCR Voyix Corporation","VYX","1475719204.5056","10.109882","United States"
"473","Grid Dynamics","GDYN","1474397145.9712","17.672266","United States"
"474","Cimpress","CMPR","1454460856.0128","57.823398","Ireland"
"475","N-Able","NABL","1448145163.0592","7.730615","United States"
"476","Exclusive Networks","EXN.PA","1442444533.857","15.91096754","France"
"477","Schrödinger","SDGR","1439918417.216","19.763137","United States"
"478","Trustpilot Group","TRST.L","1427410865.3468","3.454871926","Denmark"
"479","Silicon Motion","SIMO","1424936898.7136","42.306091","Hong Kong"
"480","Asseco","ACP.WA","1415977251.3145","20.76475233","Poland"
"481","PROG Holdings","PRG","1406430437.6704","33.854486","United States"
"482","Teladoc Health","TDOC","1391643028.9024","8.083099","United States"
"483","PagerDuty","PD","1363574945.8816","15.124768","United States"
"484","Diebold Nixdorf","DBD","1354019168.7296","36.033478","United States"
"485","Matterport","MTTR","1347676917.7088","4.173731","United States"
"486","UCT (Ultra Clean Holdings)","UCTT","1334169013.0432","29.608656","United States"
"487","Aixtron","AIXA.F","1326918317.8268","11.68933076","Germany"
"488","Bayanat AI","BAYANAT.AE","1318157347.2332","0.512704","United Arab Emirates"
"489","NETSCOUT","NTCT","1317390979.7248","18.369223","United States"
"490","Sterling Check","STER","1314079834.752","13.410414","United States"
"491","Ubisoft","UBI.PA","1311081652.3118","9.99484404","France"
"492","iFAST Corporation","AIY.SI","1308928386.0361","4.392984059","Singapore"
"493","Esker","ALESK.PA","1307728355.0592","219.9956787","France"
"494","OVH Groupe","OVH.PA","1304811766.2562","6.895884822","France"
"495","D-Wave Quantum","QBTS","1300505073.4848","4.878699","Canada"
"496","Phreesia","PHR","1298648059.5968","22.342679","United States"
"497","Opera","OPRA","1287207787.6224","14.547976","Norway"
"498","Despegar","DESP","1285672444.224","15.38112","Argentina"
"499","NextNav","NN","1279302404.6464","9.797453","United States"
"500","CSG International","CSGS","1271817233.8688","43.716027","United States"
"501","NextVision Stabilized Systems","NXSN.TA","1259209848.1165","15.66831435","Israel"
"502","Verint Systems","VRNT","1256388124.7744","20.171698","United States"
"503","Raspberry Pi","RPI.L","1254828016.1706","6.644747983","United Kingdom"
"504","MeridianLink","MLNK","1229425739.2","16.278352","United States"
"505","Zuora","ZUO","1229403692.928","7.994978","United States"
"506","Terveystalo","TTALO.HE","1207369157.8441","9.53653473","Finland"
"507","Hypoport","HYQ.F","1204790029.2117","180.1337438","Germany"
"508","Money Forward","3994.T","1204191794.168","22.04098474","Japan"
"509","Quantum Computing","QUBT","1201116275.136","8.756023","United States"
"510","PEXA Group","PXA.AX","1189487268.0071","6.698429694","Australia"
"511","Photronics","PLAB","1182702510.976","18.673641","United States"
"512","Sapiens","SPNS","1179713651.7376","21.108985","Israel"
"513","Veeco","VECO","1178516795.52","20.756501","United States"
"514","LegalZoom","LZ","1167114156.0192","6.753273","United States"
"515","Amplitude","AMPL","1164033522.7648","9.116518","United States"
"516","IndiaMART","INDIAMART.NS","1162788120.6883","19.37532449","India"
"517","Siltronic","WAF.F","1159268631.2352","37.52368422","Germany"
"518","Fastly","FSLY","1155413635.4944","8.235308","United States"
"519","A10 Networks","ATEN","1139248078.3744","15.437197","United States"
"520","Karooooo","KARO","1132249463.6928","36.650325","Singapore"
"521","Harmonic","HLIT","1105270876.672","9.485024","United States"
"522","Elmos Semiconductor","ELG.DE","1100009607.5604","63.82900437","Germany"
"523","Coursera","COUR","1097635176","6.929515","United States"
"524","Similarweb","SMWB","1090563244.6464","13.354337","Israel"
"525","Mixi","2121.T","1086755546.6507","15.97842016","Japan"
"526","WIN Semiconductors","3105.TWO","1079471488.0226","2.546280328","Taiwan"
"527","Bytes Technology","BYIT.L","1058731040.2655","4.391838486","United Kingdom"
"528","UP Fintech (Tiger Brokers)","TIGR","1058537291.8272","5.663777","China"
"529","Sabre","SABR","1057148171.6096","2.739762","United States"
"530","Docebo","DCBO","1046375542.784","34.615531","Canada"
"531","Spirent","SPT.L","1040720770.9491","1.819930969","United Kingdom"
"532","Kainos Group","KNOS.L","1035255631.5007","8.04969313","United Kingdom"
"533","TechTarget","TTGT","1034934655.5648","14.483888","United States"
"534","Viant Technology","DSP","1033193820.4032","16.438572","United States"
"535","One Software Technologies","ONE.TA","1031844204.0288","14.41491329","Israel"
"536","tuya","TUYA","1012811477.9648","1.826508","China"
"537","Nexus AG","NXU.DE","1008006096.4379","58.36269852","Germany"
"538","Kontron AG","KTN.F","1007927193.6956","16.36511113","Austria"
"539","CompuGroup Medical","COP.DE","1000664407.4769","19.34207884","Germany"
"540","ANI Pharmaceuticals","ANIP","987342804.224","46.976504","United States"
"541","Taboola.com","TBLA","980383872.832","2.916004","United States"
"542","Webjet Limited","WEB.AX","978261793.3793","2.524562507","Australia"
"543","QuinStreet","QNST","973110756.4288","17.295749","United States"
"544","Pearl Abyss","263750.KQ","968794875.0404","15.77341867","South Korea"
"545","Xerox","XRX","964476615.9872","7.754648","United States"
"546","Olo","OLO","954524826.2656","5.832008","United States"
"547","Arlo Technologies","ARLO","951736844.4544","9.485024","United States"
"548","freee K.K.","4478.T","948725467.0961","16.1325518","Japan"
"549","Alpha &amp; Omega Semiconductor","AOSL","946542537.6896","32.60477","United States"
"550","Digi International","DGII","945688782.9888","25.651222","United States"
"551","Weave Communications","WEAV","944410304.2944","12.97782","United States"
"552","Nagarro","NA9.DE","942203772.8797","70.72487317","Germany"
"553","Bumble","BMBL","939852570.816","6.00825","United States"
"554","ACM Research","ACMR","933183009.5616","14.90046","United States"
"555","VTEX","VTEX","928341853.312","5.022897","United Kingdom"
"556","SAKURA Internet","3778.T","924789806.3538","23.11990622","Japan"
"557","PROS","PRO","918619344.8192","19.418664","United States"
"558","Dave Inc.","DAVE","915071022.976","72.010879","United States"
"559","SUNeVision","1686.HK","911911116.07","0.3898625249","Hong Kong"
"560","Liquidity Services","LQDT","909274699.1744","29.488491","United States"
"561","GungHo Online Entertainment","3765.T","908378985.2589","16.27642936","Japan"
"562","Nuix Limited","NXL.AX","903558751.338","2.73199133","Australia"
"563","Cohu","COHU","894346604.4288","19.186345","United States"
"564","Iress Limited","IRE.AX","891144465.9341","4.770862929","Australia"
"565","SMART Global Holdings","SGH","886429736.8832","16.702935","United States"
"566","Paysafe","PSFE","883637243.2768","14.539965","United States"
"567","Fiverr","FVRR","881949626.7904","24.99432","Israel"
"568","Udemy","UDMY","881284854.784","6.040294","United States"
"569","Lectra SA","LSS.PA","879260341.3003","22.91618649","France"
"570","Telus International","TIXT","869745836.0192","3.172356","Canada"
"571","Formosa Sumco Technology","3532.TW","867922954.5989","2.23779274","Taiwan"
"572","Vimeo","VMEO","866268369.8688","5.223172","United States"
"573","GB Group (GBG)","GBG.L","859690174.0694","3.409874139","United Kingdom"
"574","Domain Holdings Australia","DHG.AX","856448486.0688","1.355877772","Australia"
"575","PDF Solutions","PDFS","855729687.8784","22.070305","United States"
"576","Getty Images","GETY","855398019.6608","2.074849","United States"
"577","Enghouse Systems","ENGH.TO","854694246.1009","15.43487381","Canada"
"578","BigBear.ai","BBAI","832277273.888","3.308543","United States"
"579","The RealReal","REAL","832161710.4064","7.586417","United States"
"580","SiteMinder","SDR.AX","832057550.5833","2.974828773","Australia"
"581","Wolfspeed","WOLF","830926350.1184","5.343337","United States"
"582","MapmyIndia","MAPMYINDIA.NS","822328392.1594","15.44568866","India"
"583","Shutterstock","SSTK","816412315.1232","23.440186","United States"
"584","TOWA Corporation","6315.T","815045573.6341","10.86636073","Japan"
"585","NerdWallet","NRDS","808938628.9152","11.015125","United States"
"586","Nazara Technologies","NAZARA.NS","806711625.39","9.21337099","India"
"587","Protolabs","PRLB","804054969.504","32.805045","United States"
"588","Ichor Systems","ICHR","791525560.4224","23.464219","United States"
"589","SoftwareONE","SWON.SW","787929980.8891","5.262658219","Switzerland"
"590","Redfin","RDFN","784630973.3824","6.32869","United States"
"591","Crayon Group","CRAYN.OL","779811220.9226","8.83236783","Norway"
"592","MoneyLion","ML","778827215.3728","69.383271","United States"
"593","DeFi Technologies","DEFI.NE","777828152.3474","2.541754113","Canada"
"594","Corsair Gaming","CRSR","767877139.6928","7.3340705","United States"
"595","Nextdoor","KIND","765336896.4544","2.00275","United States"
"596","TANLA","TANLA.NS","762982087.8385","5.666412619","India"
"597","Blend Labs","BLND","758594428.6912","2.96407","United States"
"598","Wemade","112040.KQ","755009974.0336","22.38537763","South Korea"
"599","Mensch und Maschine","MUM.F","753083112.2366","43.72996614","Germany"
"600","Mastek","MASTEK.NS","744739094.1655","24.11687517","India"
"601","eMudhra","EMUDHRA.NS","739062889.7012","8.92465455","India"
"602","Auction Technology Group","ATG.L","736417094.3279","6.019777829","United Kingdom"
"603","Learning Technologies Group","LTG.L","735129206.714","0.924966082","United Kingdom"
"604","CI&amp;T","CINT","731584823.0784","5.431458","Brazil"
"605","Couchbase","BASE","725073174.656","13.851019","United States"
"606","BitFuFu","FUFU","702094294.08","4.309918","Singapore"
"607","Megaport Limited","MP1.AX","694541662.6714","4.330706545","Australia"
"608","GigaCloud Technology","GCT","692225049.7024","16.895199","China"
"609","Riskified","RSKD","689982636.2176","4.205775","Israel"
"610","Digimarc","DMRC","689291818.848","32.132121","United States"
"611","Huya","HUYA","685694482.5024","3.036169","China"
"612","Youdao","DAO","677886410.7456","5.671788","China"
"613","Allscripts","MDRX","672597151.2","6.24858","United States"
"614","PowerFleet","AIOT","672458721.12","5.086985","United States"
"615","E2open","ETWO","669106098.3936","2.16297","United States"
"616","i3 Verticals","IIIV","651920824.288","19.474741","United States"
"617","Yext","YEXT","647161341.7856","5.070963","United States"
"618","NETGEAR","NTGR","641872492.4032","22.310635","United States"
"619","CEVA","CEVA","635580435.104","26.900938","United States"
"620","Cybozu","4776.T","634579653.7191","13.7332573","Japan"
"621","MYT Netherlands Parent (Mytheresa)","MYTE","634568254.8672","7.442219","Germany"
"622","indie Semiconductor","INDI","628970398.784","3.420697","United States"
"623","secunet","YSN.F","622404733.7908","96.2057012","Germany"
"624","Bitfarms","BITF","620361380.8384","1.305793","Canada"
"625","Secureworks","SCWX","603147497.8496","6.785317","United States"
"626","Bukalapak.com","BUKA.JK","602851098.0595","0.005845995206","Indonesia"
"627","BOE Varitronix","0710.HK","602753619.4104","0.7735525743","Hong Kong"
"628","Alfa Financial Software","ALFA.L","600788893.6219","2.024924448","United Kingdom"
"629","ChipMOS Technologies","IMOS","598321979.072","16.454594","Taiwan"
"630","Priority Technology Holdings","PRTH","597055446.3808","7.298021","United States"
"631","Gentrack Group","GTK.NZ","596155042.8259","5.534455427","New Zealand"
"632","OneSpan","OSPN","590432592.4608","15.54134","United States"
"633","D2L Inc.","DTOL.TO","589590579.4827","10.83175321","Canada"
"634","Infibeam Avenues","INFIBEAM.NS","585175327.247","0.2107349627","India"
"635","Koh Young Technology","098460.KQ","584142219.8749","8.85327654","South Korea"
"636","MediaAlpha","MAX","577154635.5392","8.796078","United States"
"637","X-FAB","XFAB.PA","573443331.5032","4.234238083","Belgium"
"638","PubMatic","PUBM","572840590.272","11.992467","United States"
"639","TomTom","TOM2.AS","571413882.4424","4.51596092","Netherlands"
"640","Pagaya Technologies","PGY","569993134.7968","7.738626","Israel"
"641","Thryv","THRY","569835888.48","13.282238","United States"
"642","Dye &amp; Durham","DND.TO","566420563.6566","8.46322095","Canada"
"643","Stratasys","SSYS","563287274.0992","7.890835","Israel"
"644","Repay Holdings","RPAY","558712518.848","5.976206","United States"
"645","THG (The Hut Group)","THG.L","557705066.7034","0.3923851888","United Kingdom"
"646","Red Cat Holdings","RCAT","554191136.0832","6.913493","United States"
"647","FD Technologies","FDP.L","550634035.7862","19.49925466","United Kingdom"
"648","Epsilon Net","EPSIL.AT","549789427.2441","10.14368842","Greece"
"649","ZipRecruiter","ZIP","547100234.6816","5.599689","United States"
"650","Copperleaf Technologies","CPLF.TO","544322174.4939","6.91717806","Canada"
"651","Simulations Plus","SLP","543723566.1376","27.061158","United States"
"652","Hansen Technologies","HSN.AX","540014366.5913","2.651040175","Australia"
"653","Ituran","ITRN","539459406.9696","27.117235","Israel"
"654","Cognyte Software","CGNT","538723728","7.482274","Israel"
"655","Zuken Inc.","6947.T","525254369.8631","24.04469606","Japan"
"656","Catapult Group International","CAT.AX","519069087.9785","1.912393931","Australia"
"657","Navitas Semiconductor","NVTS","516265857.2288","2.763795","Ireland"
"658","Yalla Group","YALA","514170589.792","3.236444","United Arab Emirates"
"659","Magic Software","MGIC","512639706.9184","10.294135","Israel"
"660","Conduent","CNDT","509789739.1936","3.188378","United States"
"661","Embracer Group","EMBRAC-B.ST","509571749.4693","2.263780424","Sweden"
"662","Quadient","QDT.PA","508849677.9843","14.78414028","France"
"663","Exscientia","EXAI","507239293.1456","3.877324","United Kingdom"
"664","Hippo","HIPO","507183305.8688","20.820589","United States"
"665","ECARX Holdings","ECX","500284207.0336","1.458002","China"
"666","Mühlbauer Holding","MUB.DE","498872886.7328","35.15218789","Germany"
"667","Faro Technologies","FARO","489646726.9824","25.883541","United States"
"668","Stitch Fix","SFIX","487746851.04","3.84528","United States"
"669","Bravura Solutions","BVS.AX","487690867.7687","1.08773358","Australia"
"670","Rackspace Technology","RXT","486755742.9376","2.138937","United States"
"671","Cerence","CRNC","483509608.832","11.247444","United States"
"672","Canaan","CAN","482675234.3424","1.674299","China"
"673","Cantaloupe","CTLP","481201876.8576","6.593053","United States"
"674","Equasens","EQS.PA","480408169.4084","31.70425349","France"
"675","EaseMyTrip","EASEMYTRIP.NS","476264442.0067","0.1343829228","India"
"676","Computer Modelling Group","CMG.TO","469240265.0252","5.725934349","Canada"
"677","nLIGHT","LASR","459741984.4224","9.493035","United States"
"678","Bit Digital","BTBT","453781646.6112","2.956059","United States"
"679","u-blox","UBXN.SW","450769573.8981","61.02907976","Switzerland"
"680","Wirtualna Polska (WP Holding)","WPL.WA","449444277.3175","15.17427598","Poland"
"681","Qudian","QD","444573431.5008","2.347223","China"
"682","LendingTree","TREE","443693170.0032","33.205595","United States"
"683","NCC Group plc","NCC.L","434159741.1379","1.417947","United Kingdom"
"684","Ouster","OUST","433826284.064","8.379506","United States"
"685","Talkspace","TALK","433037540.2304","2.56352","United States"
"686","cBrain","CBRAIN.CO","432321682.8781","22.10371087","Denmark"
"687","Avalon Technologies","AVALON.NS","426097884.1055","6.441556979","India"
"688","Volue ASA","VOLUE.OL","422000824.7843","2.933556101","Norway"
"689","Cigniti Technologies","CIGNITITEC.NS","420855512.9429","15.40707564","India"
"690","AMTD Digital","HKD","420217325.44","2.187003","Hong Kong"
"691","RS Technologies","3445.T","420060159.2332","15.92706965","Japan"
"692","SkyWater Technology","SKYT","418804133.7696","8.788067","United States"
"693","3D Systems","DDD","418283944.2912","3.084235","United States"
"694","DoubleDown Interactive","DDI","412851153.2608","8.33144","United States"
"695","Nano Dimension","NNDM","410977835.3856","1.874574","United States"
"696","BrainChip","BRN.AX","408771642.0351","0.1973101289","Australia"
"697","Consensus Cloud Solutions","CCSI","407634056.8032","21.116996","United States"
"698","Gree","3632.T","406954970.742","2.37878634","Japan"
"699","AT&amp;S Austria Technologie &amp; Systemtechnik","ATS.VI","405124831.3557","10.4279187","Austria"
"700","Wiit S.p.A.","WIIT.MI","404651416.5041","15.50729325","Italy"
"701","Asseco Business Solutions","ABS.WA","399703465.6135","12.17928352","Poland"
"702","PlayWay","PLW.WA","399282165.5213","60.49730958","Poland"
"703","MSTC Limited","MSTCLTD.NS","394585145.587","5.60177186","India"
"704","Red Violet","RDVT","393327692.5632","28.51916","United States"
"705","Jumia","JMIA","390458344.6272","3.188378","Germany"
"706","Materialise NV","MTLS","388013618.144","6.56902","Belgium"
"707","Arteris","AIP","387520832.6944","9.645244","United States"
"708","BigCommerce","BIGC","386787742.88","4.934776","United States"
"709","Agora.io","API","386509113.8912","4.197764","China"
"710","Team17","TM17.L","380140484.2496","2.639904885","United Kingdom"
"711","Unisys","UIS","373406604.2784","5.383392","United States"
"712","BlackSky Technology","BKSY","368868379.1872","11.984456","United States"
"713","Absci","ABSI","368044566.4","3.2044","United States"
"714","Spire Global","SPIR","366629195.7376","15.076702","United States"
"715","Mitek Systems","MITK","365590611.2448","8.139176","United States"
"716","Allient","ALNT","359232927.8336","21.325282","United States"
"717","Coveo Solutions","CVO.TO","357683983.3594","3.709285264","Canada"
"718","Porch Group","PRCH","357634034.7744","3.532851","United States"
"719","Gravity Co.","GRVY","346809392.128","49.90853","South Korea"
"720","Vista Group International","VGL.NZ","343812066.0637","1.446554281","New Zealand"
"721","Perion Network","PERI","340029163.7152","7.169845","Israel"
"722","Sohu.com","SOHU","339943029.4432","10.286124","China"
"723","Ceragon Networks","CRNT","338451009.5328","3.941412","Israel"
"724","Groupon","GRPN","338013211.5872","8.499671","United States"
"725","Linedata Services","LIN.PA","337673280.8242","68.28608444","France"
"726","kneat.com","FOBK.F","333365081.9848","3.532041889","Ireland"
"727","IQGeo Group","IQG.L","332500130.3093","4.797002822","United Kingdom"
"728","SEALSQ","LAES","329607634.5888","3.44473","Switzerland"
"729","COLOPL","3668.T","325799747.5335","2.538053031","Japan"
"730","Lesaka Technologies","LSAK","324309761.616","4.093621","South Africa"
"731","Pexip","PEXIP.OL","323631617.6484","3.177939667","Norway"
"732","Appen","APX.AX","323184518.9318","1.239509986","Australia"
"733","Logility Supply Chain Solutions","LGTY","321944555.5232","9.068452","United States"
"734","POET Technologies","POET","321676180.6144","4.205775","Canada"
"735","Xperi","XPER","321425570.8992","7.169845","United States"
"736","HIVE Blockchain Technologies","HIVE","319430434.5536","2.475399","Canada"
"737","Frequentis","FQT.VI","318033073.4203","23.96738991","Austria"
"738","ReposiTrak","TRAK","313935913.9616","17.191606","United States"
"739","RPMGlobal Holdings Limited","RUL.AX","305921330.6413","1.381168499","Australia"
"740","Chrysos Corporation Limited","C79.AX","303129084.5748","2.630804389","Australia"
"741","Microvision","MVIS","301783162.8736","1.377892","United States"
"742","Pinewood Technologies Group","PINE.L","299692553.0322","3.464869654","United Kingdom"
"743","8x8","EGHT","297269957.7376","2.275124","United States"
"744","Richtech Robotics","RR","297121683.7408","2.651641","United States"
"745","Aehr Test Systems","AEHR","295384334.9664","9.941651","United States"
"746","Com2uS","078340.KQ","294401661.6459","25.7753925","South Korea"
"747","Text (LiveChat)","TXT.WA","293052497.893","11.38066693","Poland"
"748","Qoria Limited","QOR.AX","293034892.1183","0.2251363374","Australia"
"749","Sidetrade","ALBFR.PA","291645368.1463","204.3534001","France"
"750","Stemmer Imaging","S9I.DE","291294001.6808","44.81449532","Germany"
"751","PSI Software","PSAN.DE","287884345.441","18.33293317","Germany"
"752","Kaltura","KLTR","273419121.4688","1.826508","United States"
"753","zSpace","ZSPC","272739352.8704","11.93639","United States"
"754","Weebit Nano","WBT.AX","271593388.1325","1.310343248","Australia"
"755","Exail Technologies","EXA.PA","271245685.0973","15.96143684","France"
"756","The Original BARK Company","BARK","268954264.32","1.546123","United States"
"757","Spok Holdings","SPOK","266014778.4768","13.122018","United States"
"758","Backblaze","BLZE","264904441.0592","5.135051","United States"
"759","Infomedia Ltd","IFM.AX","264126340.6402","0.7007045458","Australia"
"760","Allot","ALLT","261711781.9808","6.6611465","Israel"
"761","Asure Software","ASUR","259735154.2496","9.781431","United States"
"762","Nucleus Software Exports","NUCLEUS.NS","259544891.3974","9.83045832","India"
"763","Transphorm","TGAN","258854431.3184","4.08561","United States"
"764","Atomera","ATOM","254517647.6288","8.844144","United States"
"765","AudioCodes","AUDC","254466454.1344","8.699946","Israel"
"766","TrueCar","TRUE","252176897.5168","2.899982","United States"
"767","Outbrain","OB","252168027.7376","5.078974","United States"
"768","Quick Heal","QUICKHEAL.NS","250184936.7316","4.622499209","India"
"769","Expensify","EXFY","249438622.3584","2.80385","United States"
"770","Iteris","ITI","247919736.7584","5.759909","United States"
"771","Innoviz","INVZ","247290008.0704","1.466013","Israel"
"772","SmartRent","SMRT","243741891.3088","1.265738","United States"
"773","Locaweb","LWSA3.SA","243158557.5262","0.4355059985","Brazil"
"774","Zhihu","ZH","242785365.0912","2.80385","China"
"775","eHealth","EHTH","241668695.7792","8.155198","United States"
"776","Domo","DOMO","240920763.184","6.160459","United States"
"777","Nexters","GDEV","239620315.1232","13.23401178","Cyprus"
"778","Valens Semiconductor","VLN","239471066.9888","2.251091","Israel"
"779","Palladyne AI","PDYN","237853203.8816","7.898846","United States"
"780","AdTheorent","ADTH","235572619.584","2.56352","United States"
"781","CS Disco","LAW","235165404.432","3.92539","United States"
"782","Mobile-health Network Solutions","MNDR","232761848.08","0.24337418","Singapore"
"783","Gorilla Technology","GRRR","229129186.4288","12.409039","Taiwan"
"784","Arbe Robotics","ARBE","228840892.9696","2.395289","Israel"
"785","Webzen","069080.KQ","228351025.9273","7.710210983","South Korea"
"786","IVU Traffic Technologies","IVU.DE","226662988.0623","12.99288068","Germany"
"787","Admicom Oyj","ADMCM.HE","225197023.9294","44.99145831","Finland"
"788","DocMorris","DOCM.SW","224677797.3732","19.01635158","Switzerland"
"789","Automatic Bank Services","SHVA.TA","224639287.6951","5.615983374","Israel"
"790","SOPHiA GENETICS","SOPH","223540635.9232","3.36462","Switzerland"
"791","Silvaco Group","SVCO","223457552.24","7.85078","United States"
"792","Shoper","SHO.WA","220763163.7429","7.846678368","Poland"
"793","ON24","ONTF","220218595.9904","5.28726","United States"
"794","Vuzix","VUZI","218201515.9136","2.96407","United States"
"795","Rimini Street","RMNI","217779688.6976","2.395289","United States"
"796","Fonix Mobile","FNX.L","215976503.923","2.179921276","United Kingdom"
"797","Nerdy","NRDY","213073770.9456","1.409936","United States"
"798","Serko Limited","SKO.NZ","213054279.3815","1.730376","New Zealand"
"799","Neowiz Games","095660.KQ","211447684.5469","10.45587709","South Korea"
"800","Infotel SA","INF.PA","211176351.1758","30.27461043","France"
"801","Accelya","ACCELYA.NS","208205072.878","13.94883331","India"
"802","Digital Turbine","APPS","204413456.9648","1.970706","United States"
"803","MotorK","MTRK.AS","203572107.2975","4.473919192","Italy"
"804","Skillsoft","SKIL","201069575.8416","24.27333","United States"
"805","ThredUp","TDUP","197755431.5504","1.738387","United States"
"806","OPTiM","3694.T","197593256.8664","3.586156194","Japan"
"807","Intchains Group","ICG","197108373.4672","3.28451","China"
"808","Vecima Networks","VCM.TO","195576349.0261","8.04424565","Canada"
"809","Perfect Corp.","PERF","194187139.8864","1.906618","Taiwan"
"810","ReadyTech Holdings","RDY.AX","193822536.8456","1.593660274","Australia"
"811","accesso Technology Group","ACSO.L","193371958.1506","4.849819345","United Kingdom"
"812","Lightwave Logic","LWLG","193125035.0976","1.578167","United States"
"813","Playstudios","MYPS","186783745.3968","1.498057","United States"
"814","Telos","TLS","186708800.8896","2.579542","United States"
"815","Aptitude Software Group","APTD.L","186536950.5198","3.329876293","United Kingdom"
"816","Aeva Technologies","AEVA","186043349.5504","3.452741","United States"
"817","Marvelous","7844.T","179568487.64","2.964486572","Japan"
"818","Beeks Financial Cloud Group","BKS.L","179026767.798","2.649902613","United Kingdom"
"819","WM Technology","MAPS","178885924.8048","1.065463","United States"
"820","AudioEye","AEYE","176483791.2064","14.491899","United States"
"821","PLAID,Inc.","4165.T","175771965.7904","4.336266179","Japan"
"822","Seco S.p.A.","IOT.MI","174447280.4491","1.311897382","Italy"
"823","Compugen","CGEN","174298095.6016","1.946673","Israel"
"824","Netcall","NET.L","174196132.3947","1.054960579","United Kingdom"
"825","LifeMD","LFMD","173389545.6608","4.109643","United States"
"826","Luminar Technologies","LAZR","171243905.056","5.143062","United States"
"827","TASK Group","TSK.AX","170454668.5459","0.4452129272","Australia"
"828","Troops","TROO","170349031.4944","1.514079","Hong Kong"
"829","Marti Technologies","MRT","169005247.128","2.88396","Turkey"
"830","trivago","TRVG","164154452.0432","2.347223","Germany"
"831","UNITED","2497.T","159455601.5954","4.058829227","Japan"
"832","Smart Parking Limited","SPZ.AX","157269711.3233","0.4502718737","Australia"
"833","Ondas Holdings","ONDS","156720884.9232","1.634244","United States"
"834","Dropsuite","DSE.AX","156401983.0352","2.226064636","Australia"
"835","Diginex","DGNX","154965053.1696","6.849405","Hong Kong"
"836","Bakkt Holdings","BKKT","152741673.8208","23.584384","United States"
"837","Concurrent Technologies","CNC.L","152429395.4276","1.779932046","United Kingdom"
"838","The Platform Group","TPG.F","151095230.67","7.400465668","Germany"
"839","Fabasoft","FAA.DE","150354242.8107","13.83379535","Austria"
"840","IQE plc","IQE.L","149917665.7415","0.1549944247","United Kingdom"
"841","Tucows","TCX","149869711.0944","13.6187","Canada"
"842","Visiativ SA","ALVIV.PA","148069210.8059","32.20413989","France"
"843","Digital Bros","DIB.MI","147314765.2677","10.3269801","Italy"
"844","eGain","EGAN","146928687.1392","5.151073","United States"
"845","RumbleON","RMBL","144907941.2288","3.837269","United States"
"846","Digia Oyj","DIGIA.HE","144569704.7923","5.415788484","Finland"
"847","Newegg","NEGG","143730721.5744","0.37050875","United States"
"848","Arab Sea Information Systems Company","7201.SR","143248285.5357","1.432478954","Saudi Arabia"
"849","Rekor Systems","REKR","141307272.3072","1.506068","United States"
"850","Freightos","CRGO","140766574.6688","2.851916","Israel"
"851","SoundThinking 
 (ShotSpotter)","SSTI","139672374.6096","11.095235","United States"
"852","CoreCard","CCRD","139631217.296","17.672266","United States"
"853","Baozun","BZUN","138080095.432","2.443355","China"
"854","Sylogist","SYZ.TO","137567389.0287","5.876765457","Canada"
"855","American Well","AMWL","134999603.1712","8.8121","United States"
"856","Tingo Group","TIO","133741696.7248","0.552759","United States"
"857","Parrot S.A.","PARRO.PA","132733258.4261","4.339358425","France"
"858","Drecom","3793.T","132017965.0482","4.598297978","Japan"
"859","Freelance.com SA","ALFRE.PA","129574686.9538","2.161271668","France"
"860","Cegedim SA","CGM.PA","129150169.644","9.41877303","France"
"861","Tracsis","TRCS.L","127763607.3387","4.179843393","United Kingdom"
"862","Ansarada Group","AND.AX","124208463.3279","1.316143212","Australia"
"863","Paysign","PAYS","123116175.4944","2.299157","United States"
"864","Magnachip","MX","123087066.7248","3.308543","Luxembourg"
"865","Chegg","CHGG","122833701.2256","1.177617","United States"
"866","Lantronix","LTRX","121440902.3568","3.156334","United States"
"867","Eleco","ELCO.L","119476317.5619","1.429947478","United Kingdom"
"868","Xunlei","XNET","119340828.32","1.882585","China"
"869","The9","NCTY","118575886.7696","12.697435","China"
"870","Thinkific Labs","THNC.TO","118231989.7605","1.731745881","Canada"
"871","Neonode","NEON","116431797.0944","6.937526","Sweden"
"872","Gooch &amp; Housego","GHH.L","115776600.6363","4.489829038","United Kingdom"
"873","Serviceware","SJJ.DE","115674264.9179","11.01656698","Germany"
"874","Everspin Technologies","MRAM","114236001.2208","5.199139","United States"
"875","ZeroFox","ZFOX","114013372.3264","0.913254","United States"
"876","Cheetah Mobile","CMCM","113234267.328","3.789203","China"
"877","Forge Global","FRGE","110078471.6672","0.59497697","United States"
"878","gumi","3903.T","108574950.3641","2.193820361","Japan"
"879","Quicklogic","QUIK","108482513.8384","7.354098","United States"
"880","Eagle Eye Solutions Group","EYE.L","108406052.0478","3.649859666","United Kingdom"
"881","Genasys","GNSS","108337790.3168","2.411311","United States"
"882","Airtasker","ART.AX","107839886.6393","0.2377841042","Australia"
"883","Airship AI","AISP","107758024.6336","3.949423","United States"
"884","Computer Programs and Systems","CPSI","106807996.9392","7.362109","United States"
"885","Microlise","SAAS.L","106666317.5976","0.919967218","United Kingdom"
"886","Veritone","VERI","106459947.8288","2.387278","United States"
"887","Payfare Inc.","PAY.TO","106360696.3454","2.212165551","Canada"
"888","Research Solutions","RSSS","106164393.1992","3.252466","United States"
"889","Serverworks","4434.T","105106561.4778","13.35305524","Japan"
"890","3P Learning","3PL.AX","104933317.9951","0.3845023648","Australia"
"891","stem","STEM","101932822.7792","0.62629998","United States"
"892","Nano Labs","NA","101847816.456","6.601064","China"
"893","Zenvia","ZENV","101800474.6504","1.962695","Brazil"
"894","Easy Software","ESY.HM","100821302.938","14.88499877","Germany"
"895","Corero Network Security","CNS.L","98588075.6669","0.1924931146","United Kingdom"
"896","Geospace Technologies","GEOS","98582218.8248","7.69056","United States"
"897","24SevenOffice","247.ST","98134105.1145","1.443934684","Sweden"
"898","Userjoy Technology","3546.TWO","97794436.3112","1.841160119","Taiwan"
"899","Unifiedpost Group","UPG.BR","97767340.7059","2.598568125","Belgium"
"900","Beta Systems Software","BSS.F","97490576.6779","21.0240684","Germany"
"901","CuriosityStream","CURI","97333207.7928","1.754409","United States"
"902","Celebrus Technologies","CLBS.L","96616054.2607","2.449907998","United Kingdom"
"903","Dominion Hosting","DHH.MI","96354504.7239","19.84669173","Italy"
"904","LivePerson","LPSN","96068674.6472","1.057452","United States"
"905","Upland Software","UPLD","94526839.1344","3.44473","United States"
"906","OneConnect","OCFT","92165138.6552","2.363245","China"
"907","GCT Semiconductor","GCTS","91780687.5608","1.92264","United States"
"908","Vacasa","VCSA","91329809.2544","4.0055","United States"
"909","Frontier Developments","FDEV.L","91324603.7066","2.364911288","United Kingdom"
"910","Aiforia Technologies Oyj","AIFORIA.HE","91184939.1315","3.153602249","Finland"
"911","Vectron Systems","V3S.DE","90512732.9171","10.21338412","Germany"
"912","Tribal Group","TRB.L","89681345.7294","0.4199838849","United Kingdom"
"913","Skillz","SKLZ","89565005.1808","5.303282","United States"
"914","SNGULAR","SNG.MC","89111653.0776","1.681925472","Spain"
"915","Creotech Instruments","CRI.WA","89074406.7342","37.43644443","Poland"
"916","Synchronoss","SNCR","88049304.7544","8.123154","United States"
"917","Allied Tecnologia","ALLD3.SA","86520491.1221","0.919855064","Brazil"
"918","11 bit studios","11B.WA","86196055.2353","35.65944441","Poland"
"919","Satixfy Communications","SATX","85610262.8768","1.009386","Israel"
"920","Bigtincan","BTH.AX","85219620.0805","0.1037144115","Australia"
"921","Silicom","SILC","84916119.34","13.923118","Israel"
"922","iomart Group","IOM.L","82192730.2218","0.7299727343","United Kingdom"
"923","1-800-PetMeds","PETS","81773250.2288","3.957434","United States"
"924","OptimizeRx","OPRX","80130412.028","4.349973","United States"
"925","NFON AG","NFN.DE","79385332.951","4.667336776","Germany"
"926","WISeKey International","WKEY","79362157.128","6.705207","Switzerland"
"927","Viomi Technology","VIOT","78955550.812","1.1559873","China"
"928","2CRSI","AL2SI.PA","78610565.108","3.511013014","France"
"929","1Spatial","SPA.L","78464973.9951","0.7049736077","United Kingdom"
"930","Avant Technologies Inc.","AVAI","75534501.328","0.5727865","United States"
"931","Streamwide","ALSTW.PA","75026811.4129","27.7517062","France"
"932","Micro Systemation","MSAB-B.ST","74180931.5251","4.016643301","Sweden"
"933","23andMe","ME","73230954.3","2.80385","United States"
"934","Doma","DOMA","71366954.82","5.030908","United States"
"935","Identiv","INVE","70797404.764","2.96407","United States"
"936","iHuman","IH","69821889.272","1.3370359","China"
"937","Sequans Communications","SQNS","68674816.6128","2.747773","France"
"938","Phunware","PHUN","68674675.6192","3.404675","United States"
"939","reAlpha Tech","AIRE","67516054.3024","1.466013","United States"
"940","One Stop Systems","OSS","66306117.724","3.140312","United States"
"941","Almawave","AIW.MI","65556735.9389","2.186498307","Italy"
"942","Pulsar Group","PULS.L","63847105.2245","0.4999809298","United Kingdom"
"943","Gigas Hosting","GIGA.MC","63374063.6855","5.466249773","Spain"
"944","CI Games","CI7.F","62769910.115","0.3029143353","Poland"
"945","Amtech Systems","ASYS","60618141.0952","4.24583","United States"
"946","centrotherm international","CTNK.F","59364399.5677","2.707894242","Germany"
"947","Exasol AG","EXL.DE","58476148.6998","2.396738991","Germany"
"948","Comtech Telecommunications","CMTL","57253578.7744","1.962695","United States"
"949","CarParts.com","PRTS","57123307.0968","1.065463","United States"
"950","Agile Content","AGIL.MC","56893022.0897","2.472426919","Spain"
"951","System1","SST","56790562.2008","0.61788843","United States"
"952","Castellum","CTM","56068854.4152","0.72523583","United States"
"953","WALLIX Group","ALLIX.PA","56043462.7496","8.42645046","France"
"954","Forian","FORA","55160868.4488","1.778442","United States"
"955","Ateme SA","ATEME.PA","55117436.0112","4.658925226","France"
"956","Nacon","NACON.PA","55005497.5071","0.4953265388","France"
"957","authID","AUID","54942046.3816","5.030908","United States"
"958","Alarum Technologies","ALAR","54438096.8024","7.85078","Israel"
"959","People Can Fly","PCF.WA","52957979.6358","1.473495274","Poland"
"960","Where Food Comes From","WFCF","52921797.1532","10.02792947","United States"
"961","Usio","USIO","52813824.8952","1.946673","United States"
"962","Beamr Imaging","BMR","52189963.4636","3.36462","Israel"
"963","Mentice AB","MNTC.ST","49663654.5586","1.942355071","Sweden"
"964","Zoomd Technologies","ZOMD.V","49607611.2048","0.5027647523","Canada"
"965","Vantiva","VANTI.PA","47828936.0847","0.0975515492","France"
"966","iLearningEngines","AILE","47499346.7216","0.336462","United States"
"967","cyan AG","CYR.DE","47453928.3571","2.236959596","Germany"
"968","Semilux International","SELX","47374548.1592","1.265738","Taiwan"
"969","Stronghold Digital Mining","SDIG","47068880.4432","3.172356","United States"
"970","Mister Spex","MRX.F","46852176.4844","1.374975996","Germany"
"971","ATARI","ALATA.PA","46022644.6443","0.1046997645","France"
"972","Intellicheck","IDN","45753262.7528","2.315179","United States"
"973","Natural Health Trends","NHTC","44547786.6992","3.869313","United States"
"974","YOC AG","YOC.DE","44446487.6042","12.44621004","Germany"
"975","Duos Technologies Group","DUOT","44401758.9868","5.279249","United States"
"976","Coheris SA","COH.PA","42936558.3022","7.551833513","France"
"977","Xiao-I","AIXI","42750121.5036","4.053566","China"
"978","3i Infotech","3IINFOLTD.NS","42699970.2403","0.2516543496","India"
"979","Cepton","CPTN","41792585.9","2.603575","United States"
"980","Pixelworks","PXLW","41554409.2568","0.70504811","United States"
"981","Mobix Labs","MOBX","40517433.3728","1.097507","United States"
"982","SYLA Technologies","SYT","40363695.874","1.52209","Japan"
"983","Swvl Holdings","SWVL","40275241.6164","3.757159","United Arab Emirates"
"984","freelancer.com","FLN.AX","37641225.6175","0.0834778244","Australia"
"985","SHL Telemedicine","SHLT","37328206.2068","2.187003","Israel"
"986","Mobile Factory","3912.T","37283639.4116","4.942522637","Japan"
"987","Automated Systems Company KPSC","ASC.KW","37232611.7449","372.3264459","Kuwait"
"988","KLab","3656.T","37173343.9636","0.7809395174","Japan"
"989","Lucas GC","LGCL","36356853.2304","0.45750821","China"
"990","Méliuz","CASH3.SA","36307035.2247","0.4165119175","Brazil"
"991","Focus Universal","FCUV","36300821.092","0.49075386","United States"
"992","TransAct Technologies","TACT","35525638.2792","3.548873","United States"
"993","BIT Mining (500.com)","BTCM","34658556.4788","2.275124","China"
"994","Techstep ASA","TECH.OL","33492537.8046","0.973424621","Norway"
"995","The Glimpse Group","VRAR","32954309.1564","1.626233","United States"
"996","Baijiayun Group","RTC","32218816.042","1.257727","China"
"997","111, Inc.","YI","32082504.0704","0.37451425","China"
"998","Katapult Holdings","KPLT","32042106.1996","7.298021","United States"
"999","KORE","KORE","31883504.4216","1.874574","United States"
"1000","Scienjoy","SJ","28829567.0236","0.688946","China"
"1001","Akili","AKLI","27314734.9896","0.34695641","United States"
"1002","Argo Blockchain","ARBK","27308726.7396","0.40623781","United Kingdom"
"1003","Guardforce AI","GFAI","26250746.0136","1.474024","Singapore"
"1004","CXApp","CXAI","25536225.6972","1.369881","United States"
"1005","SurgePays","SURG","25519176.687","1.265738","United States"
"1006","Tose Software","4728.T","25468240.3457","3.360093785","Japan"
"1007","Cazoo","CZOO","23665807.804","4.838644","United Kingdom"
"1008","Starbox Group","STBX","23105851.7216","0.46800262","Malaysia"
"1009","Verimatrix","VMX.PA","22878836.0036","0.2682667603","France"
"1010","Nippon Ichi Software","3851.T","22774506.3473","4.500675932","Japan"
"1011","Starbreeze","STAR-B.ST","22300998.5681","0.01509905269","Sweden"
"1012","HiPay Group","ALHYP.PA","22259452.721","4.457096092","France"
"1013","INTERSHOP Communications","ISHA.DE","22196307.6157","1.522138066","Germany"
"1014","Wedia SA","ALWED.PA","21728734.3853","25.43700786","France"
"1015","Gryphon Digital Mining","GRYP","20561471.6028","0.2980092","United States"
"1016","Sphere 3D","ANY","20164302.2448","0.79220779","Canada"
"1017","geechs","7060.T","19522754.9285","1.890692132","Japan"
"1018","HUB Cyber Security","HUBC","19336588.1006","0.54410712","Israel"
"1019","Smith Micro Software","SMSI","18755708.8884","1.057452","United States"
"1020","enish","3667.T","18618169.6316","0.6935971866","Japan"
"1021","SOS Limited","SOS","18199525.987","6.072338","China"
"1022","Appirits","4174.T","16478089.4619","4.115346832","Japan"
"1023","Foresight Autonomous Holdings","FRSX","15953509.1544","1.033419","Israel"
"1024","Aterian","ATER","15781011.4958","1.802475","United States"
"1025","Rail Vision","RVSN","15688434.7776","0.769056","Israel"
"1026","Greenidge Generation Holdings","GREE","15666507.0684","1.369881","United States"
"1027","Exela Technologies","XELA","15559760.4934","0.56068989","United States"
"1028","Latch","LTCH","15471484.08","0.096132","United States"
"1029","Mobilicom","MOB","14449038.5478","2.275124","Australia"
"1030","VIA optronics AG","VIAO","13991895.6394","0.17872541","Germany"
"1031","Lifeward","LFWD","13791269.7576","1.297782","Israel"
"1032","SeaChange","SEAC","13581001.8362","5.255216","United States"
"1033","NJ Holdings","9421.T","13542307.9051","2.558601246","Japan"
"1034","AEye","LIDR","13203831.9397","0.833144","United States"
"1035","Hanryu Holdings","HRYU","12175370.9476","0.23055658","South Korea"
"1036","Pintec Technology","PT","12061193.369","0.761045","China"
"1037","Mynaric","MYNA","11702443.1648","0.4630358","Germany"
"1038","Ekso Bionics","EKSO","11349158.8659","0.5159084","United States"
"1039","Blackboxstocks","BLBX","11223922.9029","3.172356","United States"
"1040","Marpai","MRAI","10929899.9765","0.761045","United States"
"1041","SIMPPLE","SPPL","10882468.4477","0.67068092","Singapore"
"1042","Versus Systems","VS","10759256.0633","2.195014","Canada"
"1043","WeTrade Group","WETG","10620108.1977","4.045555","China"
"1044","Silicon Studio","3907.T","10616692.3073","3.832766818","Japan"
"1045","Advanced Health Intelligence","AHI","10494778.506","1.20165","Australia"
"1046","Wag! Group","PET","10207249.2962","0.20500149","United States"
"1047","AppTech Payments","APCX","9987634.9411","0.3412686","United States"
"1048","Socket Mobile","SCKT","9839519.5621","1.2937765","United States"
"1049","CISO Global (Cerberus Cyber Sentinel)","CISO","9659934.5718","0.817122","United States"
"1050","AgEagle Aerial Systems","UAVS","9473335.1499","1.986728","United States"
"1051","WonderPlanet","4199.T","9456554.5082","3.714596557","Japan"
"1052","Jump Networks","JUMPNET.NS","9348295.4564","0.096132","India"
"1053","Witbe S.A.","ALWIT.PA","9046740.5878","2.203321407","France"
"1054","Cyngn","CYN","8956325.2374","0.41649189","United States"
"1055","Locafy","LCFY","8880150.2406","6.42474189","Australia"
"1056","Velo3D","VLD","8841292.8851","1.025408","United States"
"1057","Trust Stamp","IDAI","7974495.4752","3.781192","United States"
"1058","Earlyworks","ELWS","7802455.2447","2.587553","Japan"
"1059","Rubicon Technologies","RBT","7671356.0308","0.13738865","United States"
"1060","Energous","WATT","7318566.0106","0.368506","United States"
"1061","Yunji","YJ","7009938.2301","1.425958","China"
"1062","Missfresh","MF","6523381.333","0.8011","China"
"1063","ADVFN","AFN.L","6016798.5381","0.1299952981","United Kingdom"
"1064","Kalray","ALKAL.PA","5992627.7489","0.6895884822","France"
"1065","Onfolio Holdings","ONFO","5257676.9792","1.025408","United States"
"1066","Edgio","EGIO","5206699.7818","0.889221","United States"
"1067","Marin Software","MRIN","5205659.1529","1.65603392","United States"
"1068","BloomZ","BLMZ","5056548.0066","0.376517","United States"
"1069","Treasure Global","TGL","4981774.1337","0.168231","Malaysia"
"1070","Urgent.ly Inc.","ULY","4961742.6282","0.36754468","United States"
"1071","Verb Technology","VERB","4948559.7266","4.982842","United States"
"1072","BIO-key International","BKYI","4681322.3798","1.257727","United States"
"1073","Jet.AI","JTAI","4357407.208","2.835894","United States"
"1074","IMTE","IMTE","4205845.4968","1.225683","Australia"
"1075","Remark Holdings","MARK","4016797.1122","0.0648891","United States"
"1076","Cemtrex","CETX","3945615.3717","2.211036","United States"
"1077","Kidpik","PIK","3721031.7933","1.906618","United States"
"1078","Oblong","OBLG","3613781.3264","3.156334","United States"
"1079","2U","TWOU","3550799.6455","1.265738","United States"
"1080","SaverOne 2014","SVRE","3528974.4771","0.66899861","Israel"
"1081","Markforged","MKFG","2932437.7654","0.14427811","United States"
"1082","Netcapital","NCPL","2787933.7452","1.514079","United States"
"1083","Fr8Tech 
 (Freight Technologies)","FRGT","2329078.8861","1.161595","United States"
"1084","OLB Group","OLB","2293260.1029","1.065463","United States"
"1085","Shapeways","SHPW","1590133.8318","0.24033","United States"
"1086","G Medical Innovations","GMVD","1423247.0776","0.1449991","Israel"
"1087","Arqit Quantum","ARQQ","1366922.5377","0.20035511","United Kingdom"
"1088","Signing Day Sports","SGN","1177663.4638","1.52209","United States"
"1089","Movella","MVLA","815638.3628","0.016022","United States"
"1090","Quantum","QMCO","813157.3561","0.16967298","United States"
"1091","Zoom Telephonics","MINM","712778.725","0.20035511","United States"
"1092","Streamline Health Solutions","STRM","676047.4889","0.16013989","United States"
"1093","Global Mofy Metaverse","GMM","475422.4082","0.1834519","China"
"1094","Mondee","MOND","350160.81","0.0040055","United States"
"1095","Super League Gaming","SLGG","233782.6097","0.06857416","United States"
"1096","Fintech Scion (FintechCashier)","FINR","159213.0173","0.0008011","United Kingdom"
"1097","Triterras","TRIRF","61303.3764","8.011E-5","Singapore"
"1098","Presto Automation","PRST","33527.6372","8.011E-5","United States"
"1099","Vinco Ventures","BBIG","10414.3","0.0008011","United States"
"1100","Onion Global","OGBLY","8421.1632","8.011E-5","China"
"1101","Grom Social Enterprises","GROM","6504.1309","0.00072099","United States"
"1102","Yandex","YNDX.ME","0","0","Netherlands"
"1103","Ozon","OZON.ME","0","36.426017","United States"
