"Rank","Name","Symbol","marketcap","price (USD)","country"
"1","NVIDIA","NVDA","4662937780224","191.52","United States"
"2","Alphabet (Google)","GOOG","4059516108800","336.28","United States"
"3","Apple","AAPL","3789248004096","256.44","United States"
"4","Microsoft","MSFT","3580035858432","481.63","United States"
"5","Amazon","AMZN","2597829214208","243.01","United States"
"6","TSMC","TSM","1775340486656","342.3","Taiwan"
"7","Meta Platforms (Facebook)","META","1685552365568","668.73","United States"
"8","Broadcom","AVGO","1579981996032","333.24","United States"
"9","Tesla","TSLA","1434957905920","431.46","United States"
"10","Samsung","005930.KS","753505494454","112.698","South Korea"
"11","Tencent","TCEHY","709426413568","78.64","China"
"12","ASML","ASML","552303132672","1422.92","Netherlands"
"13","Oracle","ORCL","496476880896","172.8","United States"
"14","Micron Technology","MU","489911648256","435.28","United States"
"15","Alibaba","BABA","419357425664","175.66","China"
"16","SK Hynix","000660.KS","416905351644","603.812","South Korea"
"17","AMD","AMD","411471249408","252.74","United States"
"18","Palantir","PLTR","375033724928","157.35","United States"
"19","Netflix","NFLX","359033536512","84.64","United States"
"20","Cisco","CSCO","311978426368","78.96","United States"
"21","Lam Research","LRCX","302118109184","239.58","United States"
"22","SAP","SAP","275491815424","236.11","Germany"
"23","IBM","IBM","274961727488","294.16","United States"
"24","Applied Materials","AMAT","268269338624","336.75","United States"
"25","Intel","INTC","243664797696","48.78","United States"
"26","Salesforce","CRM","217017925632","227.96","United States"
"27","KLA","KLAC","214277062656","1627.2","United States"
"28","Texas Instruments","TXN","196417044480","216.17","United States"
"29","Arista Networks","ANET","189081649152","150.15","United States"
"30","AppLovin","APP","183453220864","542.36","United States"
"31","Shopify","SHOP","180852015104","138.92","Canada"
"32","Uber","UBER","166374703104","79.78","United States"
"33","Booking Holdings (Booking.com)","BKNG","164811407360","5085.22","United States"
"34","Schneider Electric","SU.PA","163852444641","291.437","France"
"35","QUALCOMM","QCOM","163541696512","152.7","United States"
"36","Analog Devices","ADI","155526381568","317.625","United States"
"37","Intuit","INTU","149974089728","538.7","United States"
"38","PDD Holdings (Pinduoduo)","PDD","145953849344","102.81","China"
"39","ServiceNow","NOW","136767627264","129.62","United States"
"40","Sony","SONY","133841313792","22.28","Japan"
"41","Palo Alto Networks","PANW","128066781184","183.74","United States"
"42","Advantest","6857.T","127482888124","175.544","Japan"
"43","Adobe","ADBE","125404184576","299.58","United States"
"44","Tokyo Electron","8035.T","123820581606","270.113","Japan"
"45","Xiaomi","XIACF","120491622400","4.65","China"
"46","CrowdStrike","CRWD","118282067968","469.19","United States"
"47","Arm Holdings","ARM","116667400192","109.96","United Kingdom"
"48","MercadoLibre","MELI","115011633152","2268.6","Argentina"
"49","Spotify","SPOT","104738291712","508.7","Sweden"
"50","Delta Electronics","2308.TW","104157353277","40.0984","Taiwan"
"51","Automatic Data Processing","ADP","101391253504","250.69","United States"
"52","Foxconn (Hon Hai Precision Industry)","2317.TW","99931414141","7.15701","Taiwan"
"53","Synopsys","SNPS","97830567936","511.35","United States"
"54","Seagate Technology","STX","96502063104","442.93","Ireland"
"55","SMIC","0981.HK","95689510475","9.90071","China"
"56","Keyence","6861.T","93167964885","384.158","Japan"
"57","Robinhood","HOOD","92976128000","103.4","United States"
"58","MediaTek","2454.TW","90776392265","56.8726","Taiwan"
"59","DoorDash","DASH","89070157824","206.66","United States"
"60","Cadence Design Systems","CDNS","87330316288","320.49","United States"
"61","NetEase","NTES","86048899072","133.78","China"
"62","Delta Electronics (Thailand)","DELTA.BK","83292898866","6.67742","Thailand"
"63","Airbnb","ABNB","80539598848","131.55","United States"
"64","Equinix","EQIX","80134569984","816.15","United States"
"65","Dell","DELL","78627889152","117.32","United States"
"66","Sandisk","SNDK","77325860864","527.63","United States"
"67","Meituan","3690.HK","77172632491","12.637","China"
"68","Cambricon Technologies","688256.SS","76017117778","180.27","China"
"69","Nintendo","7974.T","75819727676","64.9043","Japan"
"70","Sea Limited","SE","74920124416","126.55","Singapore"
"71","Snowflake","SNOW","73915203584","216","United States"
"72","Marvell Technology","MRVL","72088805376","83.62","United States"
"73","Infineon","IFX.DE","68011735307","52.2308","Germany"
"74","TE Connectivity","TEL","65097367552","221.77","Switzerland"
"75","Cloudflare","NET","64759980032","184.88","United States"
"76","Fortinet","FTNT","62895120384","82.08","United States"
"77","NXP Semiconductors","NXPI","60515065856","240.03","Netherlands"
"78","Autodesk","ADSK","57154285568","268.33","United States"
"79","Coinbase","COIN","56474390528","209.43","United States"
"80","Monolithic Power Systems","MPWR","55657394176","1161.78","United States"
"81","CoreWeave","CRWV","55263272960","106.02","United States"
"82","Baidu","BIDU","54964645888","157.67","China"
"83","PayPal","PYPL","51666866176","54.08","United States"
"84","Electronic Arts","EA","51006644224","203.94","United States"
"85","Workday","WDAY","50495037440","189.12","United States"
"86","NAURA Technology Group","002371.SZ","49587360949","68.4458","China"
"87","Datadog","DDOG","49290280960","140.56","United States"
"88","Adyen","ADYEN.AS","48443505915","1536.1","Netherlands"
"89","NEC Corp","6701.T","48242782997","36.1872","Japan"
"90","Disco Corp.","6146.T","47720499478","440.102","Japan"
"91","Kuaishou Technology","1024.HK","46266224042","10.6312","China"
"92","Strategy 
 (MicroStrategy)","MSTR","45846659072","158.45","United States"
"93","Take-Two Interactive","TTWO","44934516736","243.18","United States"
"94","AST SpaceMobile","ASTS","44540063744","121.23","United States"
"95","ASE Group","ASX","44199227392","20.26","Taiwan"
"96","eBay","EBAY","43492687872","95.17","United States"
"97","Microchip Technology","MCHP","43387072512","80.28","United States"
"98","JD.com","JD","43126120448","29.23","China"
"99","ASM International","ASM.AS","42063762535","860.158","Netherlands"
"100","Constellation Software","CSU.TO","41396163092","1953.43","Canada"
"101","IQVIA","IQV","40831127552","239.76","United States"
"102","Trip.com","TCOM","40784855040","62.4","China"
"103","Garmin","GRMN","39361163264","204.48","Switzerland"
"104","Block","XYZ","39147487232","64.22","United States"
"105","Roper Technologies","ROP","38789300224","360.37","United States"
"106","Nokia","NOK","38651392000","6.82","Finland"
"107","Keysight","KEYS","38057492480","221.5","United States"
"108","Dassault Systèmes","DSY.PA","37734519548","28.6639","France"
"109","Murata Manufacturing (Murata Seisakusho)","6981.T","37295843789","20.4889","Japan"
"110","Coupang","CPNG","37135745024","20.33","United States"
"111","Ericsson","ERIC","37063294976","10.88","Sweden"
"112","Reddit","RDDT","36599209984","193.14","United States"
"113","Fair Isaac (FICO)","FICO","36258242560","1525.67","United States"
"114","Veeva Systems","VEEV","35833602048","217.99","United States"
"115","Atlassian","TEAM","35473055744","134.76","Australia"
"116","Quanta Computer","2382.TW","34842965639","9.03951","Taiwan"
"117","Coherent Corp.","COHR","34752950272","221.14","United States"
"118","Fiserv","FI","34314950656","63.8","United States"
"119","Zscaler","ZS","34118862848","213.95","United States"
"120","MongoDB","MDB","33455269888","411.04","United States"
"121","Expedia Group","EXPE","32878655488","265.76","United States"
"122","Symbotic","SYM","32662859776","55.1","United States"
"123","Panasonic","6752.T","32202684305","13.7932","Japan"
"124","AMEC","688012.SS","31319884982","50.0202","China"
"125","SoFi","SOFI","31085979648","24.6","United States"
"126","Renesas Electronics","6723.T","31031998261","17.1525","Japan"
"127","GigaDevice Semiconductor","603986.SS","30849402893","44.2752","China"
"128","Naver","035420.KS","30086921518","201.271","South Korea"
"129","Nanya Technology","2408.TW","29404196656","9.48942","Taiwan"
"130","Fidelity National Information Services","FIS","29352452096","56.19","United States"
"131","Amadeus IT Group","AMS.MC","29230498161","67.834","Spain"
"132","Hewlett Packard Enterprise","HPE","28972711936","21.71","United States"
"133","Zoom","ZM","28797624320","96.22","United States"
"134","United Microelectronics","UMC","28650643456","11.38","Taiwan"
"135","PT DCI Indonesia Tbk","DCII.JK","28570834519","11.9857","Indonesia"
"136","Astera Labs","ALAB","28358916096","167.9","United States"
"137","CoStar Group","CSGP","27633244160","65.2","United States"
"138","Lumentum","LITE","27301347328","385","United States"
"139","Eternal (Zomato)","ETERNAL.NS","27057295667","2.96937","India"
"140","STMicroelectronics","STM","26955673600","30.33","Switzerland"
"141","ON Semiconductor","ON","26554681344","64.93","United States"
"142","Canon","7751.T","26138819312","29.7497","Japan"
"143","JD Health","6618.HK","25972975601","8.11282","China"
"144","GlobalFoundries","GFS","25444667392","45.79","United States"
"145","Nebius Group","NBIS","25288998912","100.43","Netherlands"
"146","Pure Storage","PSTG","24528451584","74.29","United States"
"147","Leidos","LDOS","24090390528","187.77","United States"
"148","Futu Holdings","FUTU","23434774528","168.32","Hong Kong"
"149","Credo Technology","CRDO","23420708864","129.66","United States"
"150","DiDi","DIDIY","22758352896","4.7","China"
"151","CyberArk Software","CYBR","22495557632","445.66","Israel"
"152","Wiwynn","6669.TW","22088559085","118.857","Taiwan"
"153","Lasertec","6920.T","22061427175","244.821","Japan"
"154","Wolters Kluwer","WKL.AS","22023689968","97.4334","Netherlands"
"155","Qnity Electronics","Q","21455314944","102.43","United States"
"156","Nexon","3659.T","21314151420","26.9329","Japan"
"157","Twilio","TWLO","20845488128","135.86","United States"
"158","SS&C Technologies","SSNC","20690372608","84.72","United States"
"159","IREN (Iris Energy)","IREN","20665825280","62.94","Australia"
"160","iFLYTEK","002230.SZ","20305058459","8.78304","China"
"161","Global Payments","GPN","20163645440","72.01","United States"
"162","NetApp","NTAP","19828094976","99.33","United States"
"163","Check Point Software","CHKP","19349614592","180.24","Israel"
"164","PTC","PTC","19339868160","161.91","United States"
"165","Kakao","035720.KS","19064213147","43.3398","South Korea"
"166","Toast","TOST","18733680640","31.86","United States"
"167","Supermicro","SMCI","18631469056","31.21","United States"
"168","Circle Internet Group","CRCL","18533234688","72.84","United States"
"169","Grab Holdings","GRAB","18514110464","4.53","Singapore"
"170","Konami Holdings","9766.T","18418545458","135.873","Japan"
"171","Entegris","ENTG","18290540544","120.65","United States"
"172","Tyler Technologies","TYL","18131890176","419.12","United States"
"173","HP","HPQ","17806069760","19.05","United States"
"174","Samsara","IOT","17379362816","30.12","United States"
"175","Unimicron","3037.TW","17326657938","11.0039","Taiwan"
"176","Unity Software","U","17184978944","40.16","United States"
"177","F5","FFIV","16979594240","292.3","United States"
"178","MACOM","MTSI","16971213824","226.25","United States"
"179","Bandai Namco","7832.T","16775484509","25.9133","Japan"
"180","HubSpot","HUBS","16709512192","317.11","United States"
"181","Trimble","TRMB","16674493440","70.07","United States"
"182","QXO, Inc.","QXO","16411919360","23.24","United States"
"183","IonQ","IONQ","16226004992","45.8","United States"
"184","Okta","OKTA","16081869824","90.74","United States"
"185","BE Semiconductor","BESI.AS","15997553258","202.986","Netherlands"
"186","Zillow","Z","15970500608","65.98","United States"
"187","VeriSilicon Microelectronics","688521.SS","15855552854","30.1518","China"
"188","Tower Semiconductor","TSEM","15622363136","138.93","Israel"
"189","The Trade Desk","TTD","15582610432","31.87","United States"
"190","Kaspi.kz Joint Stock Company","KKS.F","15453148300","79.8753","Kazakhstan"
"191","Gen Digital","GEN","15288392704","24.79","United States"
"192","Roku","ROKU","14899288064","100.84","United States"
"193","Figma","FIG","14897486848","30.06","United States"
"194","Akamai","AKAM","14688640000","102.1","United States"
"195","Bilibili","BILI","14655120384","35.92","China"
"196","Nova Ltd.","NVMI","14446087168","487.18","Israel"
"197","Lenovo","0992.HK","14388029123","1.15989","Hong Kong"
"198","GoDaddy","GDDY","14308706304","103.35","United States"
"199","Wayfair","W","14166446080","108.69","United States"
"200","WiseTech Global","WTC.AX","14146523991","42.0982","Australia"
"201","Guidewire Software","GWRE","13831770112","162.69","United States"
"202","Alibaba Health Information Technology","0241.HK","13784296629","0.854857","Hong Kong"
"203","HANMI Semiconductor","042700.KS","13536745066","142.713","South Korea"
"204","Bitmine Immersion Technologies","BMNR","13477574656","29.63","United States"
"205","Ozon","OZON.ME","13475407360","62.06","United States"
"206","Pro Medicus","PME.AX","13445596468","128.703","Australia"
"207","Inspur","000977.SZ","13320571634","9.07101","China"
"208","Snap","SNAP","13187480576","7.67","United States"
"209","Logitech","LOGI","13119289344","86.64","Switzerland"
"210","Jack Henry &amp; Associates","JKHY","13065929728","179.81","United States"
"211","Rakuten","4755.T","13020487872","6.01399","Japan"
"212","SenseTime","0020.HK","13004129672","0.321693","China"
"213","Chewy","CHWY","12873255936","31.02","United States"
"214","LG Electronics","066570.KS","12741527715","70.7603","South Korea"
"215","Rubrik","RBRK","12646944768","63.19","United States"
"216","Sage Group","SGE.L","12641576231","13.4413","United Kingdom"
"217","360 Security Technology","601360.SS","12638146372","1.80556","China"
"218","Amkor Technology","AMKR","12596977664","50.96","United States"
"219","SCREEN Holdings","7735.T","12345260173","130.58","Japan"
"220","Dynatrace","DT","12256229376","40.65","United States"
"221","Technoprobe","TPRO.MI","12248852432","19.1293","Italy"
"222","China Resources Microelectronics","688396.SS","12191127288","9.18332","China"
"223","EPAM Systems","EPAM","12161421312","218.35","United States"
"224","Lite-On Technology","2301.TW","12111059161","5.3358","Taiwan"
"225","ASUS","2357.TW","12032061249","16.1991","Taiwan"
"226","Zebra Technologies","ZBRA","12011150336","236.23","United States"
"227","Align Technology","ALGN","11954451456","164.92","United States"
"228","San’an Optoelectronics","600703.SS","11687400437","2.34263","China"
"229","Xero","XRO.AX","11667587351","67.2239","New Zealand"
"230","Lattice Semiconductor","LSCC","11614219264","84.84","United States"
"231","Global Unichip Corp.","3443.TW","11539384355","86.1077","Taiwan"
"232","Tempus AI","TEM","11487471616","64.57","United States"
"233","Bentley Systems","BSY","11340615680","37.35","United States"
"234","Nutanix","NTNX","11297308672","41.78","United States"
"235","DocuSign","DOCU","11258332160","56.215","United States"
"236","Applied Digital","APLD","11244942336","40.22","United States"
"237","Dayforce","DAY","11100024832","69.36","United States"
"238","National Silicon Industry Group","688126.SS","10992633861","3.32604","China"
"239","Confluent","CFLT","10834744320","30.53","United States"
"240","Nemetschek","NEM.F","10657803562","92.3483","Germany"
"241","Onto Innovation","ONTO","10610832384","213.7","United States"
"242","Kokusai Electric","6525.T","10299658003","44.1213","Japan"
"243","Sangfor Technologies","300454.SZ","10267999488","24.4111","China"
"244","FactSet","FDS","10098143232","269.86","United States"
"245","Shenzhen Transsion Holdings","688036.SS","10029685794","8.71249","China"
"246","Instacart (Maplebear Inc.)","CART","9963235328","37.82","United States"
"247","Vanguard International Semiconductor","5347.TWO","9897970152","4.69679","Taiwan"
"248","Chime Financial","CHYM","9821434880","26.22","United States"
"249","Hwatsing Technology","688120.SS","9776707132","27.645","China"
"250","SailPoint","SAIL","9710509056","17.29","United States"
"251","Manhattan Associates","MANH","9710014464","161.14","United States"
"252","Procore","PCOR","9670224896","62.2","United States"
"253","Klarna","KLAR","9620003840","25.5","Sweden"
"254","SiTime","SITM","9425459200","361.12","United States"
"255","Lumen Technologies","LUMN","9399450624","9.16","United States"
"256","Delivery Hero","DHER.F","9329739575","31.0386","Germany"
"257","D-Wave Quantum","QBTS","9303203840","24.97","Canada"
"258","UBTECH Robotics","9880.HK","9180940959","18.2378","China"
"259","Allegro.eu","ALE.WA","9117561009","8.65618","Poland"
"260","Amdocs","DOX","8999545856","81.82","United States"
"261","Oracle Corp Japan","4716.T","8852887254","69.0805","Japan"
"262","NextVision Stabilized Systems","NXSN.TA","8838576699","96.8641","Israel"
"263","Powerchip Semiconductor Manufacturing","6770.TW","8806428697","2.08001","Taiwan"
"264","Vipshop","VIPS","8711310336","17.67","China"
"265","Aurora Innovation","AUR","8709169152","4.5","United States"
"266","ServiceTitan","TTAN","8575222272","91.57","United States"
"267","InterDigital","IDCC","8564319744","331.92","United States"
"268","Alchip Technologies","3661.TW","8464408382","104.48","Taiwan"
"269","Pegasystems","PEGA","8442830848","49.35","United States"
"270","Advantech","2395.TW","8431303782","9.74503","Taiwan"
"271","Realtek","2379.TW","8416724232","16.3269","Taiwan"
"272","M3, Inc","2413.T","8410489042","12.4175","Japan"
"273","Sanmina","SANM","8336327168","152.65","United States"
"274","Skyworks Solutions","SWKS","8288143360","55.28","United States"
"275","Empyrean Technology","301269.SZ","8254758743","15.1342","China"
"276","PB Fintech","POLICYBZR.NS","8236264306","17.7814","India"
"277","Krafton","259960.KS","8154671187","182.687","South Korea"
"278","Paytm","PAYTM.NS","8119325242","12.6918","India"
"279","CD Projekt","CDR.WA","8041277232","80.4848","Poland"
"280","Silan Microelectronics","600460.SS","8038588762","4.83067","China"
"281","Paycom","PAYC","7856232960","139.65","United States"
"282","Genpact","G","7803813888","44.78","Bermuda"
"283","Elastic NV","ESTC","7798271488","73.38","United States"
"284","Yonyou","600588.SS","7783346602","2.27783","China"
"285","Klaviyo","KVYO","7769052160","25.73","United States"
"286","Paylocity","PCTY","7760689664","140.69","United States"
"287","CAR Group (Carsales)","CAR.AX","7755252374","20.493","Australia"
"288","Mobileye","MBLY","7738990592","9.51","Israel"
"289","Nan Ya PCB","8046.TW","7721448589","11.9496","Taiwan"
"290","GlobalWafers","6488.TWO","7668640055","16.0394","Taiwan"
"291","Informatica","INFA","7644313600","24.79","United States"
"292","Zalando","ZAL.DE","7635672967","29.4315","Germany"
"293","Semtech","SMTC","7548492288","81.57","United States"
"294","Match Group","MTCH","7547113472","31.365","United States"
"295","UiPath","PATH","7545317888","14.11","United States"
"296","Cipher Mining","CIFR","7494896128","18.97","United States"
"297","Novatek Microelectronics","3034.TW","7473500010","12.2816","Taiwan"
"298","Nykaa","NYKAA.NS","7424980355","2.59371","India"
"299","Compass","COMP","7350749696","13.05","United States"
"300","ZOZO","3092.T","7348666175","8.30991","Japan"
"301","Doximity","DOCS","7291745792","38.73","United States"
"302","Rigetti Computing","RGTI","7263874048","22.01","United States"
"303","Clearwater Analytics","CWAN","7182177792","24.13","United States"
"304","Qorvo","QRVO","7150958592","77.18","United States"
"305","Pony AI","PONY","7119918592","15.69","China"
"306","JFrog","FROG","7107643392","60.075","United States"
"307","Lyft","LYFT","6990794240","17.2","United States"
"308","OpenText","OTEX","6987588096","27.38","Canada"
"309","Hut 8","HUT","6979166208","64.6","Canada"
"310","Lemonade","LMND","6879737856","92.06","United States"
"311","NICE","NICE","6861972992","111.14","Israel"
"312","Descartes Systems Group","DSGX","6860028928","79.78","Canada"
"313","Dropbox","DBX","6859856896","26.23","United States"
"314","Rohm","6963.T","6840956396","17.7211","Japan"
"315","SG Micro","300661.SZ","6714219354","10.8636","China"
"316","Cirrus Logic","CRUS","6707062784","130.66","United States"
"317","Monotaro","3064.T","6611988997","13.3063","Japan"
"318","Hims &amp; Hers Health","HIMS","6526682624","28.67","United States"
"319","Riot Platforms","RIOT","6525216256","17.55","United States"
"320","monday.com","MNDY","6503217152","126.15","Israel"
"321","Topicus","TOI.V","6477486120","77.7247","Canada"
"322","Temenos","TEMN.SW","6469122197","91.4949","Switzerland"
"323","Global-e","GLBE","6430921216","37.89","Israel"
"324","Allegro MicroSystems","ALGM","6395862528","34.55","United States"
"325","Netskope","NTSK","6331467776","16.1","United States"
"326","TeraWulf","WULF","6326283264","15.11","United States"
"327","GitLab","GTLB","6268689920","37.225","United States"
"328","Kakao Pay","377300.KS","6141496957","45.4437","South Korea"
"329","United Internet","UTDI.F","6119497187","34.8525","Germany"
"330","Fermi Inc.","FRMI","6115693056","9.96","United States"
"331","Core Scientific","CORZ","6043095040","19.49","United States"
"332","Galaxycore","688728.SS","6009822000","2.31095","China"
"333","NEXTDC","NXT.AX","6000285615","9.35043","Australia"
"334","Technology One","TNE.AX","5996848102","18.3183","Australia"
"335","OneStream","OS","5808838144","23.68","United States"
"336","MakeMyTrip","MMYT","5734533120","60.27","India"
"337","Etsy","ETSY","5668018688","57.19","United States"
"338","FormFactor","FORM","5623865344","72.55","United States"
"339","CCC Intelligent Solutions","CCCS","5617671680","8.75","United States"
"340","Entain","ENT.L","5614353221","8.77788","Isle of Man"
"341","SmartSens Technology","688213.SS","5613017427","13.9521","China"
"342","ASMPT
 (ASM Pacific Technology)","0522.HK","5579093004","13.3547","Hong Kong"
"343","Bestechnic","688608.SS","5562239105","32.9724","China"
"344","Kingsoft","3888.HK","5541391286","4.01668","China"
"345","DigitalOcean","DOCN","5511486976","60.24","United States"
"346","Presight AI","PRESIGHT.AE","5497358548","0.98","United Arab Emirates"
"347","TOTVS","TOTS3.SA","5354133932","9.1112","Brazil"
"348","Enphase Energy","ENPH","5295892480","40.47","United States"
"349","Waystar","WAY","5284164096","27.62","United States"
"350","Perfect World Entertainment","002624.SZ","5242931334","2.70259","China"
"351","Ondas Holdings","ONDS","5204923392","12.27","United States"
"352","Trend Micro","4704.T","5199538023","39.7882","Japan"
"353","Wix.com","WIX","5181046784","93.04","Israel"
"354","SentinelOne","S","5074244096","14.93","United States"
"355","Asseco","ACP.WA","5021255872","62.3679","Poland"
"356","Sensata Technologies","ST","5006978048","34.37","United States"
"357","Zeta Global","ZETA","4994561024","20.31","United States"
"358","Sectra AB","SECT-B.ST","4945644388","25.6693","Sweden"
"359","Life360","LIF","4882784256","62.28","United States"
"360","Impinj","PI","4864431104","161.56","United States"
"361","Qualys","QLYS","4789562368","132.69","United States"
"362","Silicon Labs","SLAB","4738708480","144.24","United States"
"363","IONOS Group","IOS.DE","4734048735","34.1809","Germany"
"364","Hisense Visual Technology","600060.SS","4627867557","3.54633","China"
"365","CyberAgent","4751.T","4620693777","9.11705","Japan"
"366","Workiva","WK","4562649088","81.29","United States"
"367","eMemory Technology","3529.TWO","4545937005","60.8665","Taiwan"
"368","CLEAR Secure","YOU","4514025472","33.48","United States"
"369","ACI Worldwide","ACIW","4488855040","43.5","United States"
"370","Lumine Group","LMN.V","4314032334","16.811","Canada"
"371","dLocal","DLO","4261760512","14.46","Uruguay"
"372","Upstart","UPST","4199371008","43.165","United States"
"373","Nikon","NINOY","4114522880","12.5","Japan"
"374","Espressif Systems (Shanghai)","688018.SS","4102526892","24.545","China"
"375","SoundHound AI","SOUN","4070728704","9.69","United States"
"376","Q2","QTWO","4070077696","65.09","United States"
"377","Hesai Group","HSAI","4028245248","25.1","China"
"378","Commvault","CVLT","3994700288","89.85","United States"
"379","Silicon Motion","SIMO","3979488000","117.1","Hong Kong"
"380","GoTo","GOTO.JK","3976154672","0.00375671","Indonesia"
"381","Varonis Systems","VRNS","3938949120","33.41","United States"
"382","Softcat","SCT.L","3937751853","19.8546","United Kingdom"
"383","Rorze Corporation","6323.T","3921772293","22.6129","Japan"
"384","MARA Holdings","MARA","3921771776","10.37","United States"
"385","Cellebrite","CLBT","3913950464","16.01","Israel"
"386","Webull","BULL","3828862464","7.63","United States"
"387","Box, Inc.","BOX","3791240448","26.47","United States"
"388","Silergy","6415.TW","3711424848","9.5693","China"
"389","Vend Marketplaces","VENDA.OL","3638040042","35.6446","Norway"
"390","ACM Research","ACMR","3619457280","55.79","United States"
"391","Tata Elxsi","TATAELXSI.NS","3615522767","58.0065","India"
"392","Sumco Corporation","3436.T","3588317780","10.2608","Japan"
"393","Deliveroo","ROO.L","3543782034","2.39772","United Kingdom"
"394","Mercari","4385.T","3535718510","21.443","Japan"
"395","Calix","CALX","3510001920","52.96","United States"
"396","Jubilant FoodWorks","JUBLFOOD.NS","3508555635","5.33475","India"
"397","Sopra Steria Group","SOP.PA","3496386397","180.139","France"
"398","JOYY","JOYY","3451075072","67.19","China"
"399","CleanSpark","CLSK","3439842304","13.45","United States"
"400","SPS Commerce","SPSC","3418612224","90.18","United States"
"401","Metaplanet Inc.","3350.T","3404124822","2.9802","Japan"
"402","Navan","NAVN","3374099968","13.57","United States"
"403","Synaptics","SYNA","3367300352","86.23","United States"
"404","Freshworks","FRSH","3322286848","11.4","United States"
"405","WIN Semiconductors","3105.TWO","3318595183","7.82798","Taiwan"
"406","Sega Sammy Holdings","6460.T","3280383375","15.6003","Japan"
"407","Bitdeer Technologies Group","BTDR","3246706688","13.97","Singapore"
"408","NCsoft","036570.KS","3209699474","165.505","South Korea"
"409","BlackLine","BL","3207026944","51.82","United States"
"410","Vertex","VERX","3153868032","19.77","United States"
"411","Melexis NV","MELE.BR","3145836191","78.0163","Belgium"
"412","KPIT Technologies","KPITTECH.NS","3124644270","11.4708","India"
"413","Globant","GLOB","3072746240","69.75","Luxembourg"
"414","Kulicke and Soffa Industries","KLIC","3054857472","58.34","Singapore"
"415","WeRide","WRD","3027426816","8.66","China"
"416","Kinaxis","KXS.TO","2999385519","106.889","Canada"
"417","Intapp","INTA","2990316544","36.5","United States"
"418","Comet Holding","COTN.SW","2987368373","384.279","Switzerland"
"419","VisEra Technologies","6789.TW","2951017336","9.26577","Taiwan"
"420","Rasan Information Technology Company","8313.SR","2907597222","37.514","Saudi Arabia"
"421","Ambarella","AMBA","2871037184","66.69","United States"
"422","Remitly","RELY","2845115136","13.61","United States"
"423","Axcelis Technologies","ACLS","2828050944","91.23","United States"
"424","Teradata","TDC","2805704960","29.69","United States"
"425","ZoomInfo","GTM","2776867328","8.715","United States"
"426","LifeStance Health Group","LFST","2761902080","7.1","United States"
"427","BigBear.ai","BBAI","2751936512","6.01","United States"
"428","Nordic Semiconductor","NOD.OL","2724054635","13.83","Norway"
"429","Tenable","TENB","2721003776","22.47","United States"
"430","nCino","NCNO","2690375936","23.23","United States"
"431","Weibo","WB","2690050816","10.91","China"
"432","NCR Atleos Corporation","NATL","2679024896","36.25","United States"
"433","Autohome","ATHM","2677891072","22.54","China"
"434","AvePoint","AVPT","2675787264","12.4","United States"
"435","Braze","BRZE","2667362304","23.77","United States"
"436","Blackbaud","BLKB","2661690624","54.87","United States"
"437","VusionGroup","VU.PA","2658389543","158.791","France"
"438","Aixtron","AIXA.F","2651238552","23.5068","Germany"
"439","Asana","ASAN","2634180864","11.11","United States"
"440","eToro","ETOR","2628305408","31.4","Israel"
"441","Power Integrations","POWI","2623590400","46.77","United States"
"442","TietoEVRY","TIETO.HE","2619943796","22.1276","Finland"
"443","Vishay Intertechnology","VSH","2612788480","19.27","United States"
"444","iFAST Corporation","AIY.SI","2554459011","8.41156","Singapore"
"445","Diebold Nixdorf","DBD","2544199424","69.45","United States"
"446","Ocado","OCDO.L","2530878614","3.05284","United Kingdom"
"447","Quantum Computing","QUBT","2494492416","11.13","United States"
"448","Zip Co","ZIP.AX","2484300363","1.95509","Australia"
"449","Acer","2353.TW","2468513828","0.821139","Taiwan"
"450","Sapiens","SPNS","2428882688","43.45","Israel"
"451","Agilysys","AGYS","2408033536","85.67","United States"
"452","SoftwareONE","SWON.SW","2407496617","11.2147","Switzerland"
"453","Pearl Abyss","263750.KQ","2403469405","39.1321","South Korea"
"454","Sino-American Silicon Products","5483.TWO","2374425445","3.86606","Taiwan"
"455","Dave Inc.","DAVE","2361728768","174.89","United States"
"456","Alkami Technology","ALKT","2353139712","22.41","United States"
"457","Navitas Semiconductor","NVTS","2348755968","10.19","Ireland"
"458","Socionext","6526.T","2339873854","13.3521","Japan"
"459","RingCentral","RNG","2336381696","26.99","United States"
"460","nLIGHT","LASR","2335140608","45.98","United States"
"461","Lufax","LU","2314059520","2.67","China"
"462","Elmos Semiconductor","ELG.DE","2310844220","134.805","Germany"
"463","CSG International","CSGS","2275651328","79.79","United States"
"464","Payoneer","PAYO","2269988096","6.3","United States"
"465","LendingClub","LC","2256449024","19.57","United States"
"466","Omnicell","OMCL","2252615680","49.04","United States"
"467","Exail Technologies","EXA.PA","2251278474","132.646","France"
"468","ePlus","PLUS","2240542208","84.15","United States"
"469","Appian","APPN","2236505344","30.21","United States"
"470","Grindr","GRND","2230780160","11.62","United States"
"471","Genius Sports","GENI","2220078592","9.3","United Kingdom"
"472","Qifu Technology","QFIN","2219361024","16.07","China"
"473","BlackBerry","BB","2213053184","3.75","Canada"
"474","One Software Technologies","ONE.TA","2153502318","29.2406","Israel"
"475","EverCommerce","EVCM","2149965824","11.86","United States"
"476","Photronics","PLAB","2122783104","35.94","United States"
"477","SUNeVision","1686.HK","2096745157","0.88818","Hong Kong"
"478","AvidXchange","AVDX","2076987520","10","United States"
"479","UCT (Ultra Clean Holdings)","UCTT","2057396736","45.33","United States"
"480","iQIYI","IQ","2051102464","2.13","China"
"481","Revolve","RVLV","2036592256","28.55","United States"
"482","NETSCOUT","NTCT","2026476288","28.07","United States"
"483","Rumble","RUM","2020864896","5.96","United States"
"484","NextNav","NN","2019739648","14.98","United States"
"485","Siltronic","WAF.F","1993283718","66.4428","Germany"
"486","SPACE42","SPACE42.AE","1957711198","0.41","United Arab Emirates"
"487","Red Cat Holdings","RCAT","1955299072","16.38","United States"
"488","Veeco","VECO","1946993024","32.29","United States"
"489","Marqeta","MQ","1931883264","4.31","United States"
"490","ODDITY Tech","ODD","1922479104","33.47","Israel"
"491","Cimpress","CMPR","1922178816","77.91","Ireland"
"492","KFin Technologies","KFINTECH.NS","1918023753","11.1109","India"
"493","Embracer Group","EMBRAC-B.ST","1889262442","5.81542","Sweden"
"494","Atoss","AOF.F","1879805841","117.174","Germany"
"495","C3 AI","AI","1848090624","13.13","United States"
"496","AT&amp;S Austria Technologie &amp; Systemtechnik","ATS.VI","1842789004","47.4334","Austria"
"497","Clarivate","CLVT","1841880320","2.74","United Kingdom"
"498","OVH Groupe","OVH.PA","1839948533","12.2331","France"
"499","DeNA","2432.T","1833906234","16.4499","Japan"
"500","Formosa Sumco Technology","3532.TW","1815444208","4.68081","Taiwan"
"501","Semrush","SEMR","1796677248","11.91","United States"
"502","DoubleVerify","DV","1795003392","10.97","United States"
"503","ANI Pharmaceuticals","ANIP","1785649024","79.51","United States"
"504","The RealReal","REAL","1784080768","15.29","United States"
"505","Progress Software","PRGS","1776802560","41.41","United States"
"506","Planisware","PLNW.PA","1765440346","25.3058","France"
"507","Jamf","JAMF","1741650048","12.99","United States"
"508","Yelp","YELP","1734168064","27.5","United States"
"509","Kontron AG","KTN.F","1728373463","28.0883","Austria"
"510","PEXA Group","PXA.AX","1726073232","9.71878","Australia"
"511","Pagaya Technologies","PGY","1693942400","21.07","Israel"
"512","Digi International","DGII","1687761024","44.9","United States"
"513","secunet","YSN.F","1687031214","259.055","Germany"
"514","LegalZoom","LZ","1679924096","9.32","United States"
"515","MaxLinear","MXL","1672315904","19.14","United States"
"516","Bayanat AI","BAYANAT.AE","1645434212","0.64","United Arab Emirates"
"517","SkyWater Technology","SKYT","1635768064","33.64","United States"
"518","momo.com Inc.","8454.TW","1633977459","6.16653","Taiwan"
"519","LiveRamp","RAMP","1628982528","24.83","United States"
"520","Sprinklr","CXM","1620728064","6.57","United States"
"521","Hemnet Group AB","HEM.ST","1614883296","17.2608","Sweden"
"522","Flywire","FLYW","1614496384","13.2","United States"
"523","Phoenix Group","PHX.AE","1612294998","0.27","United Arab Emirates"
"524","Jumia","JMIA","1578545792","12.89","Germany"
"525","Paradox Interactive","PDX.ST","1565951810","14.8259","Sweden"
"526","UP Fintech (Tiger Brokers)","TIGR","1559869824","8.77","China"
"527","Lightspeed POS","LSPD","1557012352","11.45","Canada"
"528","Karooooo","KARO","1555477632","50.35","Singapore"
"529","Bitfarms","BITF","1554600960","2.6","Canada"
"530","Megaport Limited","MP1.AX","1548506578","8.46497","Australia"
"531","GigaCloud Technology","GCT","1534138752","40.73","China"
"532","Terveystalo","TTALO.HE","1522049073","12.0173","Finland"
"533","Koh Young Technology","098460.KQ","1518005824","23.0024","South Korea"
"534","BitGo","BTGO","1509709824","13.06","United States"
"535","Kainos Group","KNOS.L","1507841450","12.7449","United Kingdom"
"536","TOWA Corporation","6315.T","1505337796","20.064","Japan"
"537","Certara","CERT","1497169536","9.4","United States"
"538","Himax","HIMX","1490262272","8.52","Taiwan"
"539","Fastly","FSLY","1482048000","9.92","United States"
"540","MeridianLink","MLNK","1478231936","20.01","United States"
"541","Nexus AG","NXU.DE","1470436668","85.1369","Germany"
"542","ChipMOS Technologies","IMOS","1453253376","41.7","Taiwan"
"543","Money Forward","3994.T","1439262228","26.0114","Japan"
"544","Ouster","OUST","1432924544","23.88","United States"
"545","Five9","FIVN","1429007232","18.27","United States"
"546","Donnelley Financial Solutions","DFIN","1428628608","51.96","United States"
"547","IndiaMART","INDIAMART.NS","1423164891","23.6919","India"
"548","NCR Voyix Corporation","VYX","1380820352","9.97","United States"
"549","u-blox","UBXN.SW","1366403350","176.977","Switzerland"
"550","Playtika","PLTK","1365082752","3.63","Israel"
"551","Arlo Technologies","ARLO","1364120576","12.87","United States"
"552","PDF Solutions","PDFS","1361616512","34.46","United States"
"553","Couchbase","BASE","1354276480","24.51","United States"
"554","Tuya Inc.","TUYA","1353788928","2.15","China"
"555","Cohu","COHU","1353618944","28.99","United States"
"556","A10 Networks","ATEN","1330494336","18.44","United States"
"557","Amplitude","AMPL","1323493120","9.9","United States"
"558","Frequentis","FQT.VI","1315188458","99.0645","Austria"
"559","Vimeo","VMEO","1313694336","7.85","United States"
"560","Magic Software","MGIC","1306532480","26.61","Israel"
"561","Youdao","DAO","1290152192","10.79","China"
"562","PROG Holdings","PRG","1284836352","32.49","United States"
"563","Opera","OPRA","1271209472","14.18","Norway"
"564","Protolabs","PRLB","1238145024","51.86","United States"
"565","Taboola.com","TBLA","1216547328","4.1","United States"
"566","N-Able","NABL","1197415040","6.4","United States"
"567","Playtech","PTEC.L","1193420985","4.22291","Isle of Man"
"568","Soitec","SOI.PA","1191479485","33.3893","France"
"569","Telus International","TIXT","1182113408","4.31","Canada"
"570","Webjet Limited","WEB.AX","1177422277","3.25848","Australia"
"571","Vitec Software Group","VIT-B.ST","1175477814","29.5607","Sweden"
"572","Nazara Technologies","NAZARA.NS","1170334694","3.1591","India"
"573","Nagarro","NA9.DE","1161137744","88.3905","Germany"
"574","PAR Technology","PAR","1158873984","28.55","United States"
"575","Mixi","2121.T","1153117333","17.7113","Japan"
"576","Newegg","NEGG","1143511808","54.54","United States"
"577","Harmonic Inc.","HLIT","1142145536","10.04","United States"
"578","Yalla Group","YALA","1135910912","7.15","United Arab Emirates"
"579","PROS","PRO","1122923392","23.25","United States"
"580","SÜSS MicroTec","SMHN.DE","1122906150","58.7431","Germany"
"581","LuxExperience","LUXE","1107701120","8.07","Germany"
"582","Richtech Robotics","RR","1095518336","5.08","United States"
"583","Bytes Technology","BYIT.L","1087068534","4.59952","United Kingdom"
"584","Iress Limited","IRE.AX","1086308437","5.81568","Australia"
"585","Trainline","TRN.L","1075536748","2.8162","United Kingdom"
"586","Schrödinger","SDGR","1073294720","14.57","United States"
"587","innoscripta SE","1INN.DE","1064398807","105.541","Germany"
"588","Northern Data AG","NB2.DE","1064269164","15.7592","Germany"
"589","freee K.K.","4478.T","1063241972","17.855","Japan"
"590","Ichor Systems","ICHR","1061785024","30.88","United States"
"591","Trustpilot Group","TRST.L","1061621743","2.6999","Denmark"
"592","TeamViewer","TMV.DE","1051398394","6.69825","Germany"
"593","Lectra SA","LSS.PA","1044339512","27.4646","France"
"594","SiteMinder","SDR.AX","1040206767","3.69059","Australia"
"595","Coursera","COUR","1037675456","6.18","United States"
"596","Penguin Solutions","PENG","1036486336","19.72","United States"
"597","Teladoc Health","TDOC","1018697344","5.74","United States"
"598","Allient","ALNT","1014745984","59.89","United States"
"599","Criteo","CRTO","1008203200","19.71","France"
"600","PagerDuty","PD","1003331264","10.76","United States"
"601","BlackSky Technology","BKSY","998074688","27.73","United States"
"602","HelloFresh","HFG.DE","994351814","6.93692","Germany"
"603","Liquidity Services","LQDT","976844416","31.71","United States"
"604","Huya","HUYA","962878144","4.31","China"
"605","TomTom","TOM2.AS","958947180","7.79563","Netherlands"
"606","POET Technologies","POET","949863552","6.22","Canada"
"607","Stratasys","SSYS","944067840","11.05","Israel"
"608","NerdWallet","NRDS","929481216","12.23","United States"
"609","GungHo Online Entertainment","3765.T","925090186","17.025","Japan"
"610","Yext","YEXT","905790464","7.35","United States"
"611","Mensch und Maschine","MUM.F","905451763","53.55","Germany"
"612","Qt Group","QTCOM.HE","897127695","35.3322","Finland"
"613","Ituran","ITRN","896404736","45.06","Israel"
"614","i3 Verticals","IIIV","889433792","22.59","United States"
"615","Phreesia","PHR","883807488","14.66","United States"
"616","Bukalapak.com","BUKA.JK","879562619","0.00852713","Indonesia"
"617","Alfa Financial Software","ALFA.L","879355056","2.96989","United Kingdom"
"618","indie Semiconductor","INDI","875280640","4.32","United States"
"619","Aeva Technologies","AEVA","865150656","14.4","United States"
"620","THG (The Hut Group)","THG.L","864863985","0.555209","United Kingdom"
"621","Aehr Test Systems","AEHR","856953024","27.98","United States"
"622","Porch Group","PRCH","850346752","8.07","United States"
"623","WhiteFiber","WYFI","847841344","22.16","United States"
"624","Alight","ALIT","846214720","1.54","United States"
"625","Weebit Nano","WBT.AX","843790646","4.00935","Australia"
"626","PSI Software","PSAN.DE","843597200","54.0897","Germany"
"627","Pexip","PEXIP.OL","833355740","8.13219","Norway"
"628","X-FAB","XFAB.PA","829570623","6.35044","Belgium"
"629","SEALSQ","LAES","821154688","4.59","Switzerland"
"630","Rapid7","RPD","820474112","12.53","United States"
"631","Hypoport","HYQ.F","806197575","120.413","Germany"
"632","Viant Technology","DSP","802332352","12.66","United States"
"633","Asseco Business Solutions","ABS.WA","802202258","24.3081","Poland"
"634","Wemade","112040.KQ","796539249","23.5634","South Korea"
"635","QuinStreet","QNST","793954560","13.99","United States"
"636","Cantaloupe","CTLP","792245248","10.75","United States"
"637","LendingTree","TREE","791670016","57.91","United States"
"638","GB Group (GBG)","GBG.L","790613350","3.34753","United Kingdom"
"639","RPMGlobal Holdings Limited","RUL.AX","781405494","3.52766","Australia"
"640","Hippo","HIPO","776523264","30.65","United States"
"641","Wiit S.p.A.","WIIT.MI","774282008","30.7028","Italy"
"642","Nextdoor","NXDR","764611712","1.95","United States"
"643","MapmyIndia","MAPMYINDIA.NS","760807081","14.2901","India"
"644","Enghouse Systems","ENGH.TO","757206829","13.8291","Canada"
"645","Catapult Group International","CAT.AX","754865374","2.45803","Australia"
"646","Raspberry Pi","RPI.L","743228626","3.84243","United Kingdom"
"647","Ubisoft","UBI.PA","740365463","5.49652","France"
"648","Hansen Technologies","HSN.AX","733466108","3.59141","Australia"
"649","Riskified","RSKD","733328448","4.47","Israel"
"650","TANLA","TANLA.NS","726381710","5.49566","India"
"651","Cybozu","4776.T","725668652","15.6918","Japan"
"652","Qudian","QD","725416768","3.83","China"
"653","Equasens","EQS.PA","722906082","48.0931","France"
"654","Udemy","UDMY","715782400","4.89","United States"
"655","MNTN, Inc.","MNTN","715391488","9.77","United States"
"656","SAKURA Internet","3778.T","713812872","17.8354","Japan"
"657","Blend Labs","BLND","706511616","2.72","United States"
"658","Arteris","AIP","704182464","16.12","United States"
"659","PowerFleet","AIOT","703917568","5.26","United States"
"660","Grid Dynamics","GDYN","702187008","8.28","United States"
"661","HIVE Blockchain Technologies","HIVE","702002624","2.95","Canada"
"662","Bit Digital","BTBT","699137600","2.16","United States"
"663","Stitch Fix","SFIX","692466752","5.16","United States"
"664","Shutterstock","SSTK","690160448","19.43","United States"
"665","MediaAlpha","MAX","686332928","10.46","United States"
"666","Mastek","MASTEK.NS","684170633","22.0762","India"
"667","CI&amp;T","CINT","676343808","5.21","Brazil"
"668","Alpha &amp; Omega Semiconductor","AOSL","675480768","22.47","United States"
"669","Cognyte Software","CGNT","674141504","9.23","Israel"
"670","Mühlbauer Holding","MUB.DE","674018772","47.4934","Germany"
"671","Talkspace","TALK","668193792","3.99","United States"
"672","Yubico","YUBICO.ST","664179171","7.68487","Sweden"
"673","Bravura Solutions","BVS.AX","663701121","1.48048","Australia"
"674","Red Violet","RDVT","663696576","47.11","United States"
"675","ECARX Holdings","ECX","663547840","1.86","China"
"676","Zuken Inc.","6947.T","659053625","31.1744","Japan"
"677","Chrysos Corporation Limited","C79.AX","658412428","5.65276","Australia"
"678","ThredUp","TDUP","658246400","5.26","United States"
"679","Quadient","QDT.PA","655349163","19.3332","France"
"680","RS Technologies","3445.T","652023527","24.6389","Japan"
"681","Groupon","GRPN","631291904","15.49","United States"
"682","Fiverr","FVRR","627490048","16.99","Israel"
"683","NETGEAR","NTGR","621363264","21.42","United States"
"684","VTEX","VTEX","620494656","3.41","United Kingdom"
"685","Forge Global","FRGE","618300096","44.66","United States"
"686","Digital Turbine","APPS","613454464","5.47","United States"
"687","CEVA","CEVA","608170752","22.51","United States"
"688","Pinewood Technologies Group","PINE.L","604689735","5.2821","United Kingdom"
"689","NCC Group plc","NCC.L","599643283","1.95777","United Kingdom"
"690","Infibeam Avenues","INFIBEAM.NS","591752433","0.169398","India"
"691","Avalon Technologies","AVALON.NS","584880631","8.75262","India"
"692","Truecaller","TRUE-B.ST","579903158","1.72494","Sweden"
"693","Bumble","BMBL","576983744","3.63","United States"
"694","Sohu.com","SOHU","562819136","17.03","China"
"695","Cerence","CRNC","557298496","12.38","United States"
"696","Sprout Social","SPT","551052864","9.31","United States"
"697","Corsair Gaming","CRSR","548862336","5.15","United States"
"698","Ibotta","IBTA","546808320","20.57","United States"
"699","Getty Images","GETY","540618240","1.3","United States"
"700","Veradigm","MDRX","534698976","4.91","United States"
"701","Docebo","DCBO","533241408","18.52","Canada"
"702","PlayWay","PLW.WA","530069840","80.3136","Poland"
"703","Locaweb","LWSA3.SA","529577062","0.962112","Brazil"
"704","Gentrack Group","GTK.NZ","527201823","4.68826","New Zealand"
"705","Wirtualna Polska (WP Holding)","WPL.WA","526694229","17.689","Poland"
"706","Lightwave Logic","LWLG","523550240","3.6","United States"
"707","OBOOK Holdings Inc. (OwlTing)","OWLS","522312032","5.91","Taiwan"
"708","Allot","ALLT","519606848","10.73","Israel"
"709","Weave Communications","WEAV","517310784","6.63","United States"
"710","Auction Technology Group","ATG.L","515540414","4.25753","United Kingdom"
"711","Creotech Instruments","CRI.WA","501647201","175.748","Poland"
"712","Seco S.p.A.","IOT.MI","500572405","3.77788","Italy"
"713","BOE Varitronix","0710.HK","495335791","0.635696","Hong Kong"
"714","BitFuFu","FUFU","494452448","2.97","Singapore"
"715","Cigniti Technologies","CIGNITITEC.NS","491111460","17.8282","India"
"716","Similarweb","SMWB","489215040","5.67","Israel"
"717","Coveo Solutions","CVO.TO","485903425","5.06104","Canada"
"718","Gloo Holdings","GLOO","485148288","6","United States"
"719","Canaan","CAN","485090240","0.7151","China"
"720","Priority Technology Holdings","PRTH","479767392","5.86","United States"
"721","Mitek Systems","MITK","478922432","10.47","United States"
"722","Sabre","SABR","477810752","1.21","United States"
"723","Gravity Co.","GRVY","471135456","67.8","South Korea"
"724","Troops","TROO","456882208","3.61","Hong Kong"
"725","Wolfspeed","WOLF","452082080","17.46","United States"
"726","eMudhra","EMUDHRA.NS","451106561","5.50164","India"
"727","Gree","3632.T","447941424","2.61421","Japan"
"728","OneSpan","OSPN","447631616","11.68","United States"
"729","D2L Inc.","DTOL.TO","446962114","8.1761","Canada"
"730","Claritev","CTEV","445861856","26.98","United States"
"731","TXT e-solutions","TXT.MI","445294267","35.1403","Italy"
"732","IVU Traffic Technologies","IVU.DE","443781885","25.6656","Germany"
"733","Absci","ABSI","442092320","2.94","United States"
"734","Chaince Digital Holdings","CD","439423744","6.2","United States"
"735","DoubleDown Interactive","DDI","439043456","8.86","United States"
"736","AMTD Digital","HKD","436848320","1.39","Hong Kong"
"737","Nuix Limited","NXL.AX","435004556","1.29985","Australia"
"738","Neowiz Games","095660.KQ","428765141","21.705","South Korea"
"739","Xunlei","XNET","420394688","6.72","China"
"740","Nano Dimension","NNDM","419255520","1.92","United States"
"741","Telos","TLS","418924576","5.68","United States"
"742","Spire Global","SPIR","418718272","12.65","United States"
"743","Shoper","SHO.WA","414190909","14.7218","Poland"
"744","Agora.io","API","413705984","4.56","China"
"745","F-Secure","FSECURE.HE","412776350","2.36268","Finland"
"746","Consensus Cloud Solutions","CCSI","410524768","21.6","United States"
"747","Paysafe","PSFE","407219392","6.92","United States"
"748","CS Disco","LAW","399946208","6.4","United States"
"749","Lesaka Technologies","LSAK","394365216","4.69","South Africa"
"750","TechTarget","TTGT","389652704","5.4","United States"
"751","BigCommerce","BIGC","385913824","4.78","United States"
"752","Verve Group SE","VER.ST","382759537","1.91268","Sweden"
"753","COLOPL","3668.T","376095879","2.92791","Japan"
"754","Simulations Plus","SLP","375330880","18.63","United States"
"755","DocMorris","DOCM.SW","371289623","7.63982","Switzerland"
"756","Bakkt Holdings","BKKT","369958464","14.5","United States"
"757","Perion Network","PERI","369882944","8.93","Israel"
"758","Smart Parking Limited","SPZ.AX","367600139","0.885457","Australia"
"759","Webzen","069080.KQ","366713906","12.6162","South Korea"
"760","WithSecure Oyj","WITH.HE","362323888","2.06045","Finland"
"761","Arqit Quantum","ARQQ","361401440","23.09","United Kingdom"
"762","Endava","DAVA","358562176","6.6","United Kingdom"
"763","MSTC Limited","MSTCLTD.NS","358166277","5.08467","India"
"764","SOPHiA GENETICS","SOPH","356197056","5.25","Switzerland"
"765","Bgin Blockchain","BGIN","354115520","3.13","Singapore"
"766","Infotel SA","INF.PA","354045337","51.5711","France"
"767","Veritone","VERI","351617056","3.83","United States"
"768","2CRSI","AL2SI.PA","350151991","15.6632","France"
"769","Materialise NV","MTLS","349682048","5.61","Belgium"
"770","PubMatic","PUBM","347182720","7.48","United States"
"771","GDEV Inc.","GDEV","344290400","18.99","Cyprus"
"772","kneat.com","FOBK.F","344232835","3.50204","Ireland"
"773","3D Systems","DDD","340316736","2.33","United States"
"774","ON24","ONTF","338852192","7.98","United States"
"775","Zhihu","ZH","334322496","3.74","China"
"776","Palladyne AI","PDYN","332191008","7.43","United States"
"777","Gorilla Technology","GRRR","329607488","14.54","Taiwan"
"778","Rimini Street","RMNI","327513728","3.54","United States"
"779","Netcall","NET.L","321576392","1.88626","United Kingdom"
"780","Repay Holdings","RPAY","321504160","3.52","United States"
"781","Text (LiveChat)","TXT.WA","321488385","12.485","Poland"
"782","SmartRent","SMRT","317857184","1.68","United States"
"783","DeFi Technologies","DEFI.NE","314070130","0.81391","Canada"
"784","Concurrent Technologies","CNC.L","313100346","3.59931","United Kingdom"
"785","Qoria Limited","QOR.AX","311769172","0.230219","Australia"
"786","Automatic Bank Services","SHVA.TA","310742507","7.76856","Israel"
"787","Computer Modelling Group","CMG.TO","309126196","3.73659","Canada"
"788","Com2uS","078340.KQ","308205856","26.9296","South Korea"
"789","OneConnect","OCFT","307704928","7.89","China"
"790","Aeluma","ALMU","306262368","17.15","United States"
"791","Everspin Technologies","MRAM","299648896","13.11","United States"
"792","Xerox","XRX","298333216","2.33","United States"
"793","centrotherm international","CTNK.F","284263194","13.4325","Germany"
"794","eGain","EGAN","283225600","10.47","United States"
"795","Parrot S.A.","PARRO.PA","282760176","9.13888","France"
"796","Vista Group International","VGL.NZ","282110760","1.1812","New Zealand"
"797","Lantronix","LTRX","281807616","7.16","United States"
"798","MicroVision","MVIS","280537952","0.9186","United States"
"799","Backblaze","BLZE","276856320","4.8","United States"
"800","Spok Holdings","SPOK","273543680","13.28","United States"
"801","Asure Software","ASUR","272363648","9.81","United States"
"802","Sidetrade","ALBFR.PA","270903712","191.893","France"
"803","Gooch &amp; Housego","GHH.L","269064955","9.83039","United Kingdom"
"804","ALT5 Sigma","ALTS","267542224","2.12","United States"
"805","Xperi","XPER","267355168","5.77","United States"
"806","Appen","APX.AX","265290788","0.998796","Australia"
"807","Fonix Mobile","FNX.L","264825315","2.6722","United Kingdom"
"808","Amtech Systems","ASYS","263138512","18.28","United States"
"809","Domo","DOMO","262912512","6.29","United States"
"810","cBrain","CBRAIN.CO","262073072","13.3965","Denmark"
"811","BrainChip","BRN.AX","258950948","0.109797","Australia"
"812","Admicom Oyj","ADMCM.HE","256027493","51.0314","Finland"
"813","One Stop Systems","OSS","253980496","10.36","United States"
"814","Nucleus Software Exports","NUCLEUS.NS","252211738","9.58058","India"
"815","AudioCodes","AUDC","248058016","8.65","Israel"
"816","Linedata Services","LIN.PA","247639371","50.4917","France"
"817","Tucows","TCX","247506368","22.29","Canada"
"818","EaseMyTrip","EASEMYTRIP.NS","246351839","0.0677376","India"
"819","Streamwide","ALSTW.PA","245689493","92.5881","France"
"820","Kaltura","KLTR","245641472","1.59","United States"
"821","Diginex","DGNX","243606464","1.2","Hong Kong"
"822","Conduent","CNDT","240120496","1.52","United States"
"823","8x8","EGHT","237075040","1.71","United States"
"824","Serviceware","SJJ.DE","236117779","22.4874","Germany"
"825","Frontier Developments","FDEV.L","234676375","6.48944","United Kingdom"
"826","Paysign","PAYS","234482720","4.26","United States"
"827","Eleving Group","OT8.F","234183502","1.94291","Luxembourg"
"828","WALLIX Group","ALLIX.PA","233868472","34.7206","France"
"829","ReadyTech Holdings","RDY.AX","230200205","1.863","Australia"
"830","MotorK","MTRK.AS","226854051","4.74934","Italy"
"831","TrueCar","TRUE","225907712","2.54","United States"
"832","Serko Limited","SKO.NZ","223800815","1.79615","New Zealand"
"833","Digital Bros","DIB.MI","222752214","15.6153","Italy"
"834","CuriosityStream","CURI","221534320","3.8","United States"
"835","Geospace Technologies","GEOS","221530944","17.19","United States"
"836","Duos Technologies Group","DUOT","221097568","10.83","United States"
"837","Beeks Financial Cloud Group","BKS.L","220444338","3.24264","United Kingdom"
"838","Innoviz","INVZ","217134848","1.04","Israel"
"839","Accelya","ACCELYA.NS","214552611","14.3315","India"
"840","Capital B","ALCPB.PA","213319046","0.940273","France"
"841","Aptitude Software Group","APTD.L","212020485","3.89547","United Kingdom"
"842","PLAID,Inc.","4165.T","210545651","5.13038","Japan"
"843","Vuzix","VUZI","209931392","2.62","United States"
"844","Tribal Group","TRB.L","208823786","0.974663","United Kingdom"
"845","Dye &amp; Durham","DND.TO","207342947","3.08546","Canada"
"846","Fabasoft","FAA.DE","206144356","19.1293","Austria"
"847","Cheetah Mobile","CMCM","205934496","6.71","China"
"848","Ceragon Networks","CRNT","205848016","2.29","Israel"
"849","OptimizeRx","OPRX","204487952","10.97","United States"
"850","Digia Oyj","DIGIA.HE","204255808","7.65172","Finland"
"851","ZipRecruiter","ZIP","203655616","2.43","United States"
"852","Thryv","THRY","202546288","4.61","United States"
"853","Quartix Technologies","QTX.L","200925578","4.14877","United Kingdom"
"854","lastminute.com","LMN.SW","199690522","18.6911","Netherlands"
"855","trivago","TRVG","198922976","2.82","Germany"
"856","ReposiTrak","TRAK","195869360","10.71","United States"
"857","Unisys","UIS","195378720","2.74","United States"
"858","Marvelous","7844.T","188041676","3.10437","Japan"
"859","Nerdy, Inc,","NRDY","187334048","1","United States"
"860","Visiativ SA","ALVIV.PA","184832369","40.1999","France"
"861","Compugen","CGEN","183559280","1.95","Israel"
"862","Valens Semiconductor","VLN","181186976","1.77","Israel"
"863","DUG Technology","DUG.AX","180903964","1.33527","Australia"
"864","Vecima Networks","VCM.TO","179908198","7.39919","Canada"
"865","OPTiM","3694.T","178248659","3.23508","Japan"
"866","Comtech Telecommunications","CMTL","174220736","5.88","United States"
"867","Rackspace Technology","RXT","172950400","0.71","United States"
"868","Eleco","ELCO.L","172158962","2.07684","United Kingdom"
"869","Team Internet Group","TIG.L","171175746","0.681205","United Kingdom"
"870","Freelance.com SA","ALFRE.PA","170089802","3.01031","France"
"871","Perfect Corp.","PERF","169068800","1.66","Taiwan"
"872","Cegedim SA","CGM.PA","167819108","11.9554","France"
"873","KLab","3656.T","167309573","2.19594","Japan"
"874","Baozun","BZUN","167026432","2.88","China"
"875","Tingo Group","TIO","166947568","0.69","United States"
"876","Arbe Robotics","ARBE","166481840","1.36","Israel"
"877","Dominion Hosting","DHH.MI","165338447","29.6234","Italy"
"878","Rekor Systems","REKR","164749632","1.21","United States"
"879","LifeMD","LFMD","163662016","3.4","United States"
"880","Marti Technologies","MRT","160565280","2.04","Turkey"
"881","Eagle Eye Solutions Group","EYE.L","157648197","5.26134","United Kingdom"
"882","Allied Tecnologia","ALLD3.SA","156929311","1.65098","Brazil"
"883","Kudelski SA","KUD.SW","154690615","1.58155","Switzerland"
"884","Almawave","AIW.MI","154263743","5.14512","Italy"
"885","Microlise","SAAS.L","152908996","1.3188","United Kingdom"
"886","Tracsis","TRCS.L","152439087","5.12288","United Kingdom"
"887","Micro Systemation","MSAB-B.ST","148357470","8.03304","Sweden"
"888","The Original BARK Company","BARK","146951744","0.8564","United States"
"889","accesso Technology Group","ACSO.L","145321872","3.90957","United Kingdom"
"890","Stem, Inc","STEM","142130128","16.94","United States"
"891","Userjoy Technology","3546.TWO","141503970","2.42188","Taiwan"
"892","EROAD Limited","ERD.NZ","139342901","0.742815","New Zealand"
"893","Silvaco Group","SVCO","139100496","4.54","United States"
"894","WM Technology","MAPS","138577840","0.8103","United States"
"895","Quicklogic","QUIK","138431040","8.1","United States"
"896","Digimarc","DMRC","137721728","6.33","United States"
"897","Expensify","EXFY","135836816","1.46","United States"
"898","CI Games","CI7.F","133755373","0.656033","Poland"
"899","Easy Software","ESY.HM","132889266","20.6284","Germany"
"900","UNITED","2497.T","129942814","3.47036","Japan"
"901","SNGULAR","SNG.MC","129701988","2.44663","Spain"
"902","The Platform Group","TPG.F","126395142","6.14056","Germany"
"903","Intellicheck","IDN","121734576","6.025","United States"
"904","Intchains Group","ICG","121423856","2","China"
"905","Beta Systems Software","BSS.F","118965519","25.8621","Germany"
"906","Freightos","CRGO","117957448","2.3","Israel"
"907","3P Learning","3PL.AX","117923773","0.432103","Australia"
"908","gumi","3903.T","117326446","2.3005","Japan"
"909","AudioEye","AEYE","116486632","9.38","United States"
"910","Quick Heal","QUICKHEAL.NS","115034834","2.12183","India"
"911","Arab Sea Information Systems Company","7201.SR","113848448","1.13848","Saudi Arabia"
"912","Airship AI","AISP","112437608","3.29","United States"
"913","1Spatial","SPA.L","112023374","1.00145","United Kingdom"
"914","Quantum","QMCO","111183528","6.79","United States"
"915","Lemonsoft","LEMON.HE","110310921","6.16455","Finland"
"916","IQE plc","IQE.L","109305013","0.111734","United Kingdom"
"917","Magnachip Semiconductor","MX","107945472","3","Luxembourg"
"918","Mobilicom","MOB","104066768","8.7","Australia"
"919","Airtasker","ART.AX","103471513","0.21251","Australia"
"920","The9","NCTY","103456952","6.84","China"
"921","11 bit studios","11B.WA","100894501","41.7403","Poland"
"922","Synchronoss","SNCR","100453784","8.73","United States"
"923","Coheris SA","COH.PA","98873637","17.3903","France"
"924","Thinkific Labs","THNC.TO","98472000","1.45024","Canada"
"925","Ateme SA","ATEME.PA","97947995","8.46726","France"
"926","Serverworks","4434.T","96623629","12.9861","Japan"
"927","Odysight.ai","ODYS","96495936","5.9","Israel"
"928","Exasol AG","EXL.DE","95650130","3.59798","Germany"
"929","Aiforia Technologies Oyj","AIFORIA.HE","94314519","2.80643","Finland"
"930","iHuman","IH","93961264","1.83","China"
"931","WISeKey International","WKEY","93261144","8.29","Switzerland"
"932","Research Solutions","RSSS","93010968","2.83","United States"
"933","Viomi Technology","VIOT","91523832","1.34","China"
"934","Castellum","CTM","91291848","0.9649","United States"
"935","SoundThinking 
 (ShotSpotter)","SSTI","90306240","7.06","United States"
"936","Méliuz","CASH3.SA","90199165","0.796629","Brazil"
"937","Sylogist","SYZ.TO","90166249","3.85498","Canada"
"938","Pulsar Group","PULS.L","89391260","0.659259","United Kingdom"
"939","eHealth","EHTH","88910232","2.89","United States"
"940","Atomera","ATOM","88706888","2.8","United States"
"941","Genasys","GNSS","88127448","1.95","United States"
"942","Chegg","CHGG","87374776","0.7996","United States"
"943","Velo3D","VLDX","86513896","6.15","United States"
"944","Zoomd Technologies","ZOMD.V","86512353","0.858306","Canada"
"945","Corero Network Security","CNS.L","85981343","0.167878","United Kingdom"
"946","Silicom","SILC","85790272","15.06","Israel"
"947","KORE","KORE","85594888","4.88","United States"
"948","Nano Labs","NA","84840096","3.67","China"
"949","AEye","LIDR","82450648","1.83","United States"
"950","Identiv","INVE","81952640","3.45","United States"
"951","ATARI","ALATA.PA","79997604","0.143919","France"
"952","Sequans Communications","SQNS","79831808","5.12","France"
"953","Arrive AI","ARAI","79717192","2.33","United States"
"954","Drecom","3793.T","79629585","2.74492","Japan"
"955","Avant Technologies Inc.","AVAI","79437152","0.5755","United States"
"956","NFON AG","NFN.DE","79304450","4.74934","Germany"
"957","Skillsoft","SKIL","78826632","9","United States"
"958","American Well","AMWL","78254560","4.78","United States"
"959","Celebrus Technologies","CLBS.L","77699003","1.97473","United Kingdom"
"960","Triller Group","ILLR","73028240","0.3702","United States"
"961","Playstudios","MYPS","72976368","0.5787","United States"
"962","1-800-PetMeds","PETS","70092024","3.28","United States"
"963","freelancer.com","FLN.AX","68673729","0.152299","Australia"
"964","Vantiva","VANTI.PA","68210706","0.139122","France"
"965","Forian","FORA","66183900","2.13","United States"
"966","Teads","TEAD","64509636","0.6757","United States"
"967","cyan AG","CYR.DE","60247972","2.75846","Germany"
"968","SYLA Technologies","SYT","60158036","2.26","Japan"
"969","Agile Content","AGIL.MC","59936434","2.61454","Spain"
"970","Global Mofy Metaverse","GMM","59481668","1.2","China"
"971","iLearningEngines","AILE","59292656","0.42","United States"
"972","Skillz","SKLZ","58926920","3.85","United States"
"973","Where Food Comes From","WFCF","58400388","11.3","United States"
"974","Scienjoy Holding Corporation","SJ","58002744","1.37","China"
"975","Alarum Technologies","ALAR","57528136","7.88","Israel"
"976","GCT Semiconductor","GCTS","56591376","0.9911","United States"
"977","Gigas Hosting","GIGA.MC","56415225","4.50947","Spain"
"978","Blackboxstocks","BLBX","55708432","12.94","United States"
"979","Mobile Factory","3912.T","55180160","7.73152","Japan"
"980","reAlpha Tech","AIRE","53799788","0.4115","United States"
"981","Mister Spex","MRX.F","52251464","1.52315","Germany"
"982","AgEagle Aerial Systems","UAVS","51390308","1.18","United States"
"983","Nacon","NACON.PA","50111009","0.459343","France"
"984","People Can Fly","PCF.WA","50086683","1.17546","Poland"
"985","Zenvia","ZENV","49944180","0.9501","Brazil"
"986","BIT Mining (500.com)","BTCM","49245532","2.73","China"
"987","HiPay Group","ALHYP.PA","49221438","7.79563","France"
"988","Kalray","ALKAL.PA","48021510","3.20221","France"
"989","111, Inc.","YI","46110760","5.32","China"
"990","Natural Health Trends","NHTC","43174032","3.75","United States"
"991","Verb Technology","VERB","42609204","22.45","United States"
"992","Techstep ASA","TECH.OL","42602408","1.23819","Norway"
"993","Mentice AB","MNTC.ST","42402860","1.50762","Sweden"
"994","Upland Software","UPLD","41603544","1.44","United States"
"995","YOC AG","YOC.DE","41527622","11.9453","Germany"
"996","Pixelworks","PXLW","41159792","6.54","United States"
"997","System1","SST","40991504","4.1","United States"
"998","Stock3 AG","BOG.DE","39491484","35.2603","Germany"
"999","SHL Telemedicine","SHLT","39255860","2.05","Israel"
"1000","Phunware","PHUN","37952176","1.88","United States"
"1001","Usio","USIO","37684820","1.38","United States"
"1002","LivePerson","LPSN","37235640","3.19","United States"
"1003","Automated Systems Company KPSC","ASC.KW","36880545","368.806","Kuwait"
"1004","TransAct Technologies","TACT","36708684","3.63","United States"
"1005","BeLive Holdings","BLIV","35853848","3.3","Singapore"
"1006","CarParts.com","PRTS","35508516","0.5382","United States"
"1007","Elauwit Connection","ELWT","34753928","5.25","United States"
"1008","3i Infotech","3IINFOLTD.NS","34445147","0.16581","India"
"1009","geechs","7060.T","33662828","3.31351","Japan"
"1010","SaverOne 2014","SVRE","33514696","1.24","Israel"
"1011","Tose Software","4728.T","32446212","4.28077","Japan"
"1012","Neonode","NEON","31887552","1.9","Sweden"
"1013","Katapult Holdings","KPLT","30966256","6.56","United States"
"1014","Beamr Imaging","BMR","30749112","1.98","Israel"
"1015","INTERSHOP Communications","ISHA.DE","30465756","1.6071","Germany"
"1016","Ekso Bionics","EKSO","30286792","8.5","United States"
"1017","iomart Group","IOM.L","29843307","0.262901","United Kingdom"
"1018","SurgePays","SURG","29056964","1.24","United States"
"1019","Semilux International","SELX","28161094","0.7524","Taiwan"
"1020","Latch","LTCH","27923828","0.17","United States"
"1021","Nippon Ichi Software","3851.T","27383062","5.41141","Japan"
"1022","Wedia SA","ALWED.PA","27123623","31.7526","France"
"1023","Zoom Telephonics","MINM","26534076","3.61","United States"
"1024","Streamline Health Solutions","STRM","23231740","5.3332","United States"
"1025","Gryphon Digital Mining","GRYP","22853490","1.38","United States"
"1026","WonderPlanet","4199.T","22661239","8.88831","Japan"
"1027","CISO Global (Cerberus Cyber Sentinel)","CISO","22322686","0.5068","United States"
"1028","Mobix Labs","MOBX","22161608","0.2301","United States"
"1029","authID","AUID","21550360","1.43","United States"
"1030","Earlyworks","ELWS","21537032","7.06","Japan"
"1031","The Glimpse Group","VRAR","21498038","1.02","United States"
"1032","NJ Holdings","9421.T","21377299","4.03895","Japan"
"1033","Greenidge Generation Holdings","GREE","21328646","1.35","United States"
"1034","Rail Vision","RVSN","20473906","0.3269","Israel"
"1035","Trust Stamp","IDAI","20195678","3.85","United States"
"1036","Verimatrix","VMX.PA","19995877","0.229072","France"
"1037","Pintec Technology","PT","19456512","1.22","China"
"1038","Starbreeze","STAR-B.ST","18582713","0.0111393","Sweden"
"1039","Swvl Holdings","SWVL","18533680","1.86","United Arab Emirates"
"1040","SIMPPLE","SPPL","17995032","3.11","Singapore"
"1041","Appirits","4174.T","17504058","4.33305","Japan"
"1042","VIA optronics AG","VIAO","17465854","0.2231","Germany"
"1043","AppTech Payments","APCX","15993019","0.405","United States"
"1044","Marpai","MRAI","15761205","0.66","United States"
"1045","Cyngn","CYN","15629787","1.96","United States"
"1046","Cemtrex","CETX","15308984","1.78","United States"
"1047","Energous","WATT","15204270","6.99","United States"
"1048","Hanryu Holdings","HRYU","15198316","0.2878","South Korea"
"1049","SOS Limited","SOS","14973856","1.68","China"
"1050","Luminar Technologies","LAZR","14668649","0.1884","United States"
"1051","Smith Micro Software","SMSI","14593951","0.5715","United States"
"1052","zSpace","ZSPC","14437884","0.497","United States"
"1053","enish","3667.T","13591654","0.405202","Japan"
"1054","WeTrade Group","WETG","13256907","5.05","China"
"1055","Guardforce AI","GFAI","13199879","0.6049","Singapore"
"1056","Silicon Studio","3907.T","12791121","4.65983","Japan"
"1057","Lifeward","LFWD","11997058","0.6558","Israel"
"1058","Jump Networks","JUMPNET.NS","11669324","0.12","India"
"1059","CXApp","CXAI","10780824","0.338","United States"
"1060","Socket Mobile","SCKT","10110964","1.2676","United States"
"1061","Jet.AI","JTAI","9730408","0.255","United States"
"1062","Sphere 3D","ANY","9444167","0.28","Canada"
"1063","SeaChange","SEAC","9225926","3.57","United States"
"1064","Baijiayun Group","RTC","9116435","0.3105","China"
"1065","Oblong","OBLG","8659470","2.7","United States"
"1066","Treasure Global","TGL","8181311","5.36","Malaysia"
"1067","VERSES AI","VERS.NE","8118245","0.643729","Canada"
"1068","BIO-key International","BKYI","7961663","0.7347","United States"
"1069","Super League Enterprise","SLE","7818399","6.74","United States"
"1070","OLB Group","OLB","7388929","0.55","United States"
"1071","Yunji","YJ","7289799","1.48","China"
"1072","Aterian","ATER","7042997","0.7024","United States"
"1073","Witbe S.A.","ALWIT.PA","6949791","1.69105","France"
"1074","Focus Universal","FCUV","6405130","0.78","United States"
"1075","Lucas GC","LGCL","6243047","2.2354","China"
"1076","Netcapital","NCPL","6104880","0.7779","United States"
"1077","Versus Systems","VS","6078081","1.24","Canada"
"1078","Locafy","LCFY","5649033","3.14","Australia"
"1079","Urgent.ly Inc.","ULY","4776260","2.18","United States"
"1080","Kidpik","PIK","4644903","2.38","United States"
"1081","Orangekloud Technology","ORKT","4625082","0.792","Singapore"
"1082","Foresight Autonomous Holdings","FRSX","4548061","1.04","Israel"
"1083","ADVFN","AFN.L","4422034","0.0955397","United Kingdom"
"1084","Onfolio Holdings","ONFO","4087246","0.6971","United States"
"1085","Mynaric","M0YN.DE","3874750","0.613256","Germany"
"1086","Xiao-I","AIXI","3364060","0.252","China"
"1087","IMTE","IMTE","3139075","0.9148","Australia"
"1088","Mobile-health Network Solutions","MNDR","3082862","1.16","Singapore"
"1089","Marin Software","MRIN","2863609","0.8981","United States"
"1090","Signing Day Sports","SGN","2263186","0.165","United States"
"1091","Fr8Tech 
 (Freight Technologies)","FRGT","2143018","1.37","United States"
"1092","G Medical Innovations","GMVD","1776616","0.181","Israel"
"1093","Argo Blockchain","ARBK","1337888","4.01","United Kingdom"
"1094","Starbox Group","STBX","1135952","2.11","Malaysia"
"1095","HUB Cyber Security","HUBC","661671","0.303","Israel"
"1096","Exela Technologies","XELA","555021","0.02","United States"
"1097","Fintech Scion (FintechCashier)","FINR","198743","0.001","United Kingdom"
"1098","BloomZ","BLMZ","187531","0.128","United States"
"1099","Mondee","MOND","87416","0.001","United States"
"1100","Vinco Ventures","BBIG","65000","0.005","United States"
"1101","Remark Holdings","MARK","61902","0.001","United States"
"1102","Presto Automation","PRST","41851","0.0001","United States"
"1103","Movella","MVLA","20362","0.0004","United States"
"1104","Triterras","TRIRF","7652","0.0001","Singapore"
"1105","Grom Social Enterprises","GROM","902","0.0001","United States"
